"cluster_label","date","time","area","country","latitude","longitude","elevation","temperature","relative_humidity","cloud_cover","precipitation","tag"
"-3","2025-09-11","15:11:15",NULL,NULL,"-12.0958649","-77.0246458","205","6.9655004","64.44732","28","0","transit"
"-1","2025-09-12","10:59:39",NULL,NULL,"-12.028893502241512","-77.11612247869232","205","6.7155004","64.62286","98","0","outlier"
"1","2025-05-25","06:16:03","Auckland","New Zealand","-37.006108","174.782848","0","26.5","78.71044","100","0","transit_station"
"2","2025-01-28","11:11:05","Gujarat","India","23.072692","72.617356","33","0.273","39.008812","0","0","restaurant"
"6","2025-08-15","14:19:56","Islas Galapagos","Ecuador","-0.4448822164481635","-90.26945579490888","62","32.046","39.58893","3","0","airport"
"7","2025-08-03","18:01:37","Galapagos Province","Ecuador","-0.906814","-89.6143828","7","31.8635","42.795937","15","0","airport"
"9","2025-07-24","14:22:04","Bogota","Colombia","4.698534340479656","-74.1400876920443","56","26.6495","81.89108","100","0","transit_station"
"11","2025-05-26","02:56:16","Provincia de Buenos Aires","Argentina","-34.813245461858955","-58.539447603653045","0","26.75","84.15389","97","0","store"
"12","2025-06-15","19:28:02","Ciudad Autonoma de Buenos Aires","Argentina","-34.6559661","-58.5081042","0","27.4","76.489365","100","0.6","shoe_store"
"14","2025-04-20","04:34:19","Hebei","China","39.508587813775925","116.4154880169688","129","25.224499","67.05688","0","0","airport"
"15","2025-04-20","05:20:22","Hebei","China","39.508544921875","116.41824444517636","129","25.224499","67.05688","0","0","airport"
"20","2025-07-02","20:10:26","Salta","Argentina","-25.120601529813925","-66.16147768458468","39","22.882","90.15488","89","0","cafe"
"22","2025-06-20","17:54:59","Ciudad Autonoma de Buenos Aires","Argentina","-34.6391743","-58.363461","0","26.2","83.08396","100","0.2","store"
"25","2025-04-16","08:05:24","Chiba","Japan","35.778984120070255","140.38518030760747","129","28.2745","46.6486","100","0","airport"
"26","2025-04-16","08:21:21","Chiba","Japan","35.778642202943324","140.38563872822465","129","29.0745","47.012085","92","0","cafe"
"33","2025-05-26","00:11:11","Region Metropolitana","Chile","-33.40372","-70.789652","0","26.5","78.71044","100","0","airport"
"34","2025-05-25","22:49:27","Region Metropolitana","Chile","-33.4013671875","-70.79471954427906","0","26.5","79.43055","97","0","store"
"44","2025-08-12","00:52:29","Galapagos Province","Ecuador","-0.9546170952560258","-90.96591131626494","7","29.1135","60.57594","87","0","night_club"
"47","2025-07-04","21:49:47","Jujuy","Argentina","-24.1990577","-65.3118101","39","22.432","91.2388","100","0","lodging"
"59","2025-04-25","06:01:09","Zhe Jiang Sheng","China","30.235015869140625","120.4254002260629","129","20.6745","77.373634","22","0","airport"
"66","2025-08-03","14:05:53","Guayas","Ecuador","-2.1496377","-79.8843098","7","31.8635","42.795937","15","0","airport"
"67","2025-08-03","12:53:56","Guayas","Ecuador","-2.1484845","-79.8844097","7","32.163498","43.692886","10","0","lawyer"
"69","2025-09-02","18:29:45","Puno","Peru","-15.470506","-70.156227","46","34.932503","16.442198","34","0","airport"
"70","2025-09-02","17:35:37","Puno","Peru","-15.4706265","-70.1562183","46","33.432503","19.683462","59","0","airport"
"75","2025-04-25","06:46:02","Zhejiang","China","30.23621467401618","120.41895700699554","129","20.6745","77.373634","22","0","airport"
"76","2025-04-25","06:40:55","Zhejiang","China","30.235053756536335","120.4190077134592","129","20.6745","77.373634","22","0","airport"
"81","2025-05-13","07:40:50","Queensland","Australia","-16.9233733","145.772051","165","23.578","77.08566","100","0","finance"
"84","2024-11-14","15:00:29","California","United States","37.8037865","-122.2716283","205","8.5155","60.547287","100","0","transit_station"
"88","2025-08-27","23:22:44","Cuzco","Peru","-13.153871986631415","-72.52373891233017","1146","14.2875","57.61621","84","0","lodging"
"90","2025-07-24","10:56:14","Antioquia","Colombia","6.16995939481182","-75.42862057612105","56","24.6495","91.9312","100","0","airport"
"91","2025-07-24","11:07:30","Antioquia","Colombia","6.1700906","-75.4287696","56","24.6495","91.9312","100","0","airport"
"95","2025-05-12","17:06:39","Bali","Indonesia","-8.7452126","115.1775798","165","25.878","65.73924","85","0.1","airport"
"97","2025-05-17","02:41:36","New South Wales","Australia","-34.29608154296875","150.61829133333333","53","26.306","67.27467","91","0","parking"
"99","2025-03-18","03:16:19","California","United States","33.83416277208907","-117.87587101339888","1004","13.834001","85.73008","0","0","general_contractor"
"101","2025-09-10","20:54:55","Ica","Peru","-14.064158008062504","-75.73380372254356","419","24.6935","34.848114","0","0","lodging"
"104","2025-08-27","09:46:18","Cuzco","Peru","-13.153630386975696","-72.52346664411264","1146","14.7875","69.151535","100","0","lodging"
"105","2025-03-26","02:53:36","Miyazaki","Japan","32.7099974","131.3070665","403","19.387999","68.477005","1","0","food"
"106","2025-03-26","02:01:04","Miyazaki","Japan","32.7035327","131.3010684","403","19.387999","68.477005","1","0","parking"
"110","2025-03-13","20:58:36","California","United States","33.8745661","-117.9243568","334","25.816","53.692528","93","0","health"
"111","2025-08-12","00:33:51","Galapagos Province","Ecuador","-0.9574211108862596","-90.96721027167118","7","28.7635","51.767223","98","0","food"
"116","2025-07-21","20:55:40","Risaralda","Colombia","4.815573426058205","-75.73775572392168","38","30.7635","55.94824","100","0","airport"
"117","2025-03-29","06:59:32","Hiroshima","Japan","34.3996027","132.4740175","403","15.538","84.513245","0","0","parking"
"120","2024-11-15","08:33:12","Incheon","South Korea","37.447596","126.45062","205","3.5655","97.90654","0","0","transit_station"
"121","2024-11-15","08:54:26","Incheon","South Korea","37.448773","126.452744","205","3.5655","97.90654","0","0","lodging"
"126","2025-03-19","06:17:27","California","United States","33.940097","-118.410636","1004","19.284","66.91029","91","0","airport"
"130","2025-09-08","13:41:58","Ancash","Peru","-9.348294","-77.599205","46","35.7825","14.231566","65","0","transit_station"
"131","2025-09-02","21:12:53","Callao","Peru","-12.0418983","-77.10988","46","34.932503","16.442198","34","0","airport"
"136","2025-07-15","23:04:25","Bolivar","Colombia","10.424114","-75.551346","37","23.720001","97.02958","100","0","lodging"
"139","2025-05-12","04:54:52",NULL,"Singapore","1.3440702","103.9689978","7","25.327002","67.70893","100","0","university"
"140","2025-05-12","17:23:59","Bali","Indonesia","-8.7447286","115.1689494","165","25.778","65.105446","72","0","airport"
"145","2025-07-17","18:54:00","Bolivar","Colombia","10.445173517106271","-75.51641482904165","38","31.2635","57.632496","100","0","store"
"146","2025-07-17","19:18:17","Bolivar","Colombia","10.445136","-75.516277","38","30.7635","55.94824","100","0","grocery_or_supermarket"
"148","2025-07-14","13:52:26","Mendoza","Argentina","-32.827191936331246","-68.7982264077066","37","24.87","97.34574","100","0.1","airport"
"149","2025-07-14","14:10:32","Mendoza","Argentina","-32.827395","-68.798217","37","24.62","97.34084","100","0","transit_station"
"150","2025-04-14","01:18:27","Shizuoka","Japan","35.286887","138.9538455","129","27.124498","48.4737","57","0","lodging"
"152","2025-03-27","09:39:55","Oita","Japan","33.2836975","131.5042845","403","19.387999","68.477005","1","0","political"
"163","2025-08-03","22:50:53","Islas Galapagos","Ecuador","-0.9024781006077128","-89.61231156326761","7","31.8635","42.795937","15","0","park"
"164","2025-08-03","10:49:39","Pichincha","Ecuador","-0.1256614","-78.359694","56","26.6495","81.89108","100","0","airport"
"167","2025-07-23","00:24:50","Antioquia","Colombia","6.208613088534895","-75.56891575644839","38","24.1135","96.45514","100","0","night_club"
"171","2025-04-28","12:53:11",NULL,"Macao","22.20183052812308","113.5771480216437","66","29.114","65.99969","94","0","transit_station"
"174","2024-12-30","13:47:31","Samut Prakan","Thailand","13.692683","100.755331","174","10.117","74.90765","82","0","airport"
"183","2025-09-03","10:02:57","Callao","Peru","-12.023014","-77.107119","46","35.8325","16.53189","15","0","lodging"
"185","2025-05-25","19:14:53","Region Metropolitana","Chile","-33.403472900390625","-70.79567035478908","0","26.5","79.43055","97","0","airport"
"189","2025-05-01","11:30:09","Taipei City","Taiwan","25.050073","121.576669","66","23.814001","86.97448","64","0","food"
"191","2025-05-02","21:06:58","Selangor","Malaysia","2.736822","101.684551","8","27.3705","73.300995","100","0.1","airport"
"193","2025-02-02","06:52:15","Uttar Pradesh","India","27.63737926275642","77.73590292436431","0","3.6","66.79788","33","0","food"
"196","2025-03-19","05:40:27","California","United States","33.942101","-118.410194","1004","17.934","72.09719","46","0","store"
"198","2025-07-30","21:46:07","Pichincha","Ecuador","-0.1974554041442002","-78.48897091910484","56","22.8495","94.09933","100","0.1","bar"
"199","2025-09-03","12:08:06","Callao","Peru","-12.0280455","-77.1175173","37","24.37","96.75244","100","0","transit_station"
"200","2025-05-25","19:36:41","Region Metropolitana","Chile","-33.40346781263724","-70.79563854596496","0","26.5","79.43055","97","0","airport"
"201","2025-05-25","19:54:28","Region Metropolitana","Chile","-33.40347442340387","-70.79563282917208","0","26.95","80.7018","43","0","airport"
"202","2025-04-12","09:44:21","Yamanashi","Japan","35.486016","138.787193","691","16.9045","64.018425","0","0","food"
"203","2025-03-29","02:48:52","Hiroshima","Japan","34.3941650390625","132.45499982801985","403","15.088","78.04004","35","0","political"
"204","2025-05-02","03:32:18","Taipei City","Taiwan","25.034840546244453","121.51690802821004","66","23.664","87.22755","74","0","park"
"209","2025-05-02","21:25:13","Selangor","Malaysia","2.7394649125813992","101.6886018816432","8","27.820501","71.39704","89","0","airport"
"213","2025-02-05","05:49:28","Delhi","India","28.55475358379622","77.08591293485657","31","7.3859997","87.74193","90","0","bus_station"
"214","2025-02-05","06:13:53","Delhi","India","28.55583232380917","77.0851938097803","31","6.936","92.70583","45","0","transit_station"
"215","2025-02-05","06:41:40","Delhi","India","28.55909367335497","77.08353909091291","31","6.936","92.70583","45","0","food"
"225","2025-07-24","17:03:57","Pichincha","Ecuador","-0.1242241110592093","-78.35950221933702","56","26.6495","81.89108","100","0","airport"
"226","2025-08-15","21:23:44","Pichincha","Ecuador","-0.1237842148534193","-78.35932237950576","62","33.146","37.20823","10","0","store"
"227","2025-08-02","14:33:23","Pichincha","Ecuador","-0.0523852347103578","-78.7754248941687","7","32.163498","43.692886","10","0","restaurant"
"228","2025-08-02","15:02:13","Pichincha","Ecuador","-0.052391","-78.775455","7","32.163498","43.692886","10","0","food"
"229","2025-09-03","10:19:47","Callao","Peru","-12.030524","-77.115943","37","23.87","98.21034","100","0","airport"
"230","2025-05-25","22:19:01","Region Metropolitana","Chile","-33.4034423828125","-70.7956158480119","0","26.95","80.7018","43","0","airport"
"231","2025-05-25","19:39:30","Region Metropolitana","Chile","-33.4034423828125","-70.79563854596496","0","26.5","79.43055","97","0","airport"
"232","2025-05-25","20:10:42","Region Metropolitana","Chile","-33.40345637630753","-70.79562037639941","0","26.9","82.91441","61","0","airport"
"233","2025-05-25","22:27:45","Region Metropolitana","Chile","-33.40345483142471","-70.7956158480119","0","26.95","83.42032","80","0","airport"
"256","2024-11-11","11:30:39","Illinois","United States","41.97902172609447","-87.90690677042406","205","19.115501","66.22172","100","0.1","atm"
"257","2024-11-11","12:15:27","Illinois","United States","41.980045","-87.908678","205","18.9655","67.725006","100","0","airport"
"260","2025-07-28","19:23:42","Pichincha","Ecuador","-0.1682150959402732","-78.47544183814956","7","24.813501","75.85451","71","0","store"
"263","2025-04-12","08:05:23","Yamanashi","Japan","35.498468","138.768738","691","17.9045","67.06375","0","0","lodging"
"264","2025-04-12","04:38:23","Yamanashi","Japan","35.510607","138.755053","691","16.9045","68.42781","0","0","restaurant"
"265","2024-11-19","11:15:04","Seoul","South Korea","37.498043","127.03619","205","8.065499","72.2249","100","0","transit_station"
"270","2025-01-03","03:23:20","Chiang Mai","Thailand","18.588790893554688","98.4873393188367","194","7.6974998","86.563545","36","0","cemetery"
"281","2025-05-14","08:36:13","Queensland","Australia","-16.9199636","145.7723509","165","23.578","77.08566","100","0","health"
"282","2025-05-14","08:30:27","Queensland","Australia","-16.921661260044786","145.77548203874494","165","23.328","74.44509","99","0","grocery_or_supermarket"
"286","2025-07-15","05:19:16","Callao Region","Peru","-12.030212","-77.118356","37","24.02","98.21233","100","0","transit_station"
"289","2025-07-22","23:54:11","Antioquia","Colombia","6.209113981269143","-75.57080591017584","38","24.3635","95.59437","100","0","car_rental"
"290","2025-07-23","00:50:33","Antioquia","Colombia","6.209245","-75.572133","38","24.3635","95.59437","100","0","food"
"291","2025-04-14","03:12:53","Shizuoka","Japan","35.3067814","138.9654736","129","27.124498","48.4737","57","0","meal_takeaway"
"301","2025-01-08","08:20:28","Chang Wat Chiang Rai","Thailand","19.954018592541644","99.87939754333736","194","14.1975","77.129036","79","0.1","airport"
"302","2025-01-08","09:12:18","echiyngray","Thailand","19.954534","99.879879","194","14.1975","77.129036","79","0.1","cafe"
"311","2025-05-08","06:16:39",NULL,"Singapore","1.353432","103.99023","7","25.227001","67.90073","99","0","airport"
"317","2025-09-11","16:18:50","Provincia de Lima","Peru","-12.0499381","-77.0274878","419","24.043499","39.69013","19","0","tourist_attraction"
"322","2025-04-28","12:12:14",NULL,"Macao","22.142830168497756","113.56361310500608","66","27.814001","75.404594","38","0","restaurant"
"326","2025-02-10","01:56:33","Quang Binh","Vietnam","17.509654","106.588763","135","4.344","65.50413","0","0","parking"
"333","2025-05-16","23:16:42","New South Wales","Australia","-33.947305111750865","151.17840894688428","53","24.306","72.99986","84","0","airport"
"337","2025-03-19","01:20:32","California","United States","33.943365768543565","-118.40920297012448","334","24.666","61.279636","52","0","airport"
"338","2025-03-19","05:34:34","California","United States","33.9434814453125","-118.41081360580272","334","22.916","70.72072","81","0","meal_takeaway"
"340","2025-09-11","16:54:14","Provincia de Lima","Peru","-12.0503452","-77.0262577","419","22.5935","46.940067","0","0","restaurant"
"341","2025-03-29","00:46:32","Hiroshima","Japan","34.391711","132.452029","403","15.488","78.10032","0","0","sublocality"
"342","2025-03-29","01:15:59","Hiroshima","Japan","34.3915573","132.4530268","403","15.1380005","82.00838","0","0","sublocality_level_4"
"352","2025-05-12","05:01:03",NULL,"Singapore","1.354106903076172","103.9854877621579","434","15.016","94.35604","0","0","airport"
"355","2025-02-02","16:20:31","Delhi","India","28.5816650390625","77.23923735344337","0","3.6","63.663986","100","0","restaurant"
"356","2025-03-18","01:39:03","California","United States","33.6088033","-117.9280673","1004","16.434","78.242","1","0","parking"
"357","2025-03-18","02:05:38","California","United States","33.6080322265625","-117.92844713260112","1004","16.434","78.242","1","0","tourist_attraction"
"361","2025-07-23","18:39:00","Antioquia","Colombia","6.2092534","-75.5658477","38","27.4135","84.73079","100","0","bar"
"370","2024-12-28","08:13:23","Bangkok","Thailand","13.729133","100.513949","205","11.1154995","74.565605","100","0","transit_station"
"372","2025-02-09","08:54:48","Ho Chi Minh","Vietnam","10.7801513671875","106.69616966969392","135","8.594","45.586044","93","0","transit_station"
"378","2025-05-11","05:52:19",NULL,"Singapore","1.302708625793457","103.83458608302108","165","25.628","67.34793","100","0.1","bus_station"
"380","2025-05-12","14:40:23","Bali","Indonesia","-8.7445708","115.1668463","165","25.878","65.1265","99","0.1","airport"
"381","2025-02-05","07:45:34","Delhi","India","28.558395385742188","77.08089329767415","31","6.436","95.94502","26","0","bakery"
"382","2025-02-05","07:51:03","Delhi","India","28.558200616326307","77.08103649251882","31","6.436","95.94502","26","0","airport"
"384","2025-09-11","17:57:16","Provincia de Lima","Peru","-12.0499693","-77.0263085","419","24.043499","39.69013","19","0","parking"
"385","2025-09-11","18:16:23","Provincia de Lima","Peru","-12.0498568","-77.0260801","419","21.1435","52.143417","36","0","store"
"388","2025-06-25","01:53:28","Ciudad Autonoma de Buenos Aires","Argentina","-34.60953","-58.39611","39","29.382","68.50304","100","0","transit_station"
"405","2025-05-03","04:07:35","Selangor","Malaysia","2.741382","101.685293","8","27.820501","71.39704","89","0","airport"
"406","2025-05-03","04:34:20","Selangor","Malaysia","2.7402333516069226","101.68443526884688","8","27.820501","71.39704","89","0","airport"
"407","2025-05-09","00:37:12",NULL,"Singapore","1.306793","103.819451","7","25.427","66.88859","100","0","transit_station"
"408","2025-03-11","11:18:51",NULL,"Singapore","1.355525","103.985483","434","14.816","94.65401","0","0","shopping_mall"
"409","2025-05-13","00:16:00","Queensland","Australia","-16.91719780786655","145.76816352023732","165","24.628","69.71882","100","0","cafe"
"410","2025-05-13","00:24:49","Queensland","Australia","-16.916772798214435","145.7685029975713","165","24.628","69.71882","100","0","laundry"
"411","2025-05-23","09:46:44","New South Wales","Australia","-33.856302","151.201449","0","26.45","79.18296","94","0","tourist_attraction"
"413","2025-05-18","07:19:19","Victoria","Australia","-38.6658158","143.1046087","53","25.256","78.05388","100","0","transit_station"
"415","2025-08-27","09:33:22","Cuzco","Peru","-13.153605494668383","-72.5233795734718","1146","14.7875","69.151535","100","0","food"
"416","2025-03-28","21:00:45","Fukuoka","Japan","33.594818115234375","130.42124590263018","1004","21.234001","55.365856","87","0","sublocality"
"417","2024-11-25","00:55:46","Jeonbuk State","South Korea","35.81970940193362","127.15080672744044","205","13.815499","58.90736","100","0","restaurant"
"418","2024-11-23","06:11:39","Seoul","South Korea","37.5530284","126.9208557","205","14.6154995","54.596043","100","0.1","store"
"419","2025-05-02","15:47:07","Taoyuan City","Taiwan","25.080264","121.239225","8","27.3705","73.300995","100","0.1","airport"
"420","2025-05-02","16:19:12","Taoyuan City","Taiwan","25.08052532556552","121.23960361013678","8","27.3705","73.300995","100","0.1","airport"
"421","2025-04-28","12:27:17",NULL,"Macao","22.1927324996853","113.55451033923867","66","27.814001","75.404594","38","0","restaurant"
"447","2025-05-14","07:00:52","Queensland","Australia","-16.912841796875","145.7659456748311","165","23.727999","76.8691","100","0","convenience_store"
"452","2025-03-18","20:45:56","California","United States","34.06886546388488","-118.40722316005213","1004","17.934","72.09719","46","0","health"
"453","2025-03-18","20:42:46","California","United States","34.068745","-118.407225","1004","16.434","78.242","1","0","health"
"455","2025-09-03","08:45:01","Callao","Peru","-12.022698843595476","-77.1073655310653","46","35.8325","16.53189","15","0","lodging"
"456","2025-09-03","03:09:37","Callao","Peru","-12.02263638672665","-77.1073228327617","46","34.932503","16.442198","34","0","airport"
"457","2025-04-29","09:28:14","Taoyuan City","Taiwan","25.08157172709864","121.2384393203346","66","30.114","58.42833","100","0","airport"
"467","2024-12-28","08:17:58","Krung Thep Maha Nakhon","Thailand","13.72720550605016","100.51273875076636","205","16.3155","94.41093","100","0.2","transit_station"
"473","2025-01-10","08:02:57","Phuket","Thailand","8.107559204101562","98.306145020746","194","16.0975","61.721603","21","0.1","airport"
"475","2025-04-25","01:59:31","Shaanxi","China","34.44099695097252","108.75278025112064","129","20.6745","77.373634","22","0","airport"
"476","2025-04-25","01:57:06","Shaanxi","China","34.44101891469575","108.75417326670927","129","20.6745","77.373634","22","0","airport"
"482","2025-05-12","21:56:01","Queensland","Australia","-16.873375013580933","145.75571711105334","165","24.628","69.71882","100","0","airport"
"483","2025-05-12","22:35:52","Queensland","Australia","-16.873131493648337","145.75626449075966","165","24.628","69.71882","100","0","airport"
"484","2024-11-13","22:13:50","California","United States","37.8979341","-122.0580307","205","7.4655004","72.881676","0","0","meal_delivery"
"487","2025-03-20","06:32:18","Fukuoka","Japan","33.585294","130.445066","1004","19.284","66.91029","91","0","store"
"488","2025-03-22","01:18:57","Fukuoka","Japan","33.584823","130.443009","1004","19.284","66.91029","91","0","airport"
"489","2024-11-23","07:34:46","Seoul","South Korea","37.558052379315946","126.92895651912072","205","14.1655","54.289154","100","0","health"
"490","2025-05-02","09:46:19","Taipei City","Taiwan","25.048048629260883","121.5179055565528","66","29.964","58.39323","100","0","food"
"492","2025-05-01","06:14:27","Taipei City","Taiwan","25.04438781738281","121.56131866093968","66","23.814001","86.97448","64","0","store"
"503","2025-01-15","05:25:35","Surat Thani","Thailand","9.632705688476562","99.67156386360492","728","11.9825","65.801094","0","0","tourist_attraction"
"506","2025-02-02","13:06:59","Delhi","India","28.593546143387663","77.22084412000206","0","3.6","63.663986","100","0","tourist_attraction"
"507","2025-02-02","13:14:23","Delhi","India","28.590364","77.220366","0","3.6","63.663986","100","0","transit_station"
"510","2025-05-16","23:56:19","New South Wales","Australia","-33.93280029296875","151.17866215354542","53","25.406","70.95903","24","0","transit_station"
"513","2024-11-26","04:25:43","Jeonbuk State","South Korea","35.81496241867164","127.15253481954586","205","14.7655","55.973186","100","0","food"
"514","2025-03-20","00:48:29",NULL,NULL,"37.46878488823419","126.43770897387924","1004","19.284","66.91029","91","0","transit_station"
"521","2025-02-11","04:54:55","Quang Binh","Vietnam","17.544772","106.233803","135","0.644","88.70659","25","0","food"
"524","2025-01-07","02:32:09","Phayao","Thailand","19.4151611328125","100.37255383043808","194","11.6475","71.89725","100","0","tourist_attraction"
"529","2025-01-03","04:42:12","Chiang Mai","Thailand","18.552764892578125","98.47985330380098","194","7.8975","79.65402","41","0","place_of_worship"
"536","2025-05-12","05:06:17",NULL,"Singapore","1.3611764","103.9907143","7","25.227001","67.90073","99","0","airport"
"537","2025-04-23","08:55:10",NULL,"China","29.114501953125","110.47709639009936","129","21.474499","75.55818","20","0","lodging"
"543","2025-05-16","20:13:55","Queensland","Australia","-16.877410888671875","145.75343300278874","53","24.306","72.99986","84","0","airport"
"544","2025-05-16","19:14:14","Queensland","Australia","-16.877136340951033","145.75423535512985","53","24.306","72.99986","84","0","airport"
"545","2025-08-15","20:41:00","Pichincha","Ecuador","-0.1237678019143103","-78.36006702060547","62","33.146","37.20823","10","0","finance"
"570","2025-05-08","06:29:47",NULL,"Singapore","1.353708267211914","103.9884058462484","7","25.227001","67.90073","99","0","airport"
"582","2025-07-15","00:21:31","Callao","Peru","-12.0295193","-77.1163408","37","24.62","97.34084","100","0","transit_station"
"586","2025-05-02","10:08:00","Taipei City","Taiwan","25.049015409719203","121.51470017876385","66","30.114","58.42833","100","0","store"
"588","2025-04-28","09:26:46",NULL,"Macao","22.145948553316455","113.56547933402626","66","29.114","65.99969","94","0","transit_station"
"592","2025-02-12","09:18:50","Quang Binh","Vietnam","17.468771","106.61375","35","4.726","82.95159","0","0","transit_station"
"598","2025-05-08","03:04:45","Siem Reap Province","Cambodia","13.374685","104.221531","8","27.6705","72.68602","99","0","store"
"606","2025-05-08","10:36:13",NULL,"Singapore","1.281438","103.849546","7","25.427","66.88859","100","0","transit_station"
"607","2025-05-09","10:49:41",NULL,"Singapore","1.2824134826660156","103.86886143412256","165","24.477999","66.905396","100","0","food"
"609","2025-01-30","12:12:57","Rajasthan","India","26.92109106643749","75.79550248304946","0","7.15","50.50121","100","0","transit_station"
"614","2025-05-17","00:20:44","New South Wales","Australia","-33.928466796875","151.18691383333334","53","25.406","70.95903","24","0","car_rental"
"616","2025-08-30","00:58:55","Cuzco","Peru","-13.5189263","-71.9786646","1146","15.1875","73.52661","98","0","hair_care"
"617","2025-09-02","15:48:35","Puno","Peru","-15.84129952359011","-70.02649153157857","46","31.4825","28.575787","0","0","food"
"618","2025-08-31","12:16:51","Puno","Peru","-15.84124931310822","-70.02650334993245","46","31.4825","28.575787","0","0","restaurant"
"629","2025-03-11","04:36:30","Ho Chi Minh","Vietnam","10.817811046919736","106.6653737000913","434","15.016","94.35604","0","0","food"
"634","2025-01-08","14:53:03","Chang Wat Phuket","Thailand","8.109649658203125","98.3058385700359","194","16.0975","67.58349","33","0","beauty_salon"
"635","2025-05-12","07:11:35",NULL,"Singapore","1.3386144638061523","103.98343897134748","165","26.178","64.18081","88","0","tourist_attraction"
"636","2025-05-12","07:09:35",NULL,"Singapore","1.3386896656394525","103.98456223033938","165","26.178","64.18081","88","0","tourist_attraction"
"637","2025-03-11","08:36:15",NULL,"Singapore","1.357163429260254","103.98639020848192","334","16.916","90.0092","74","0","tourist_attraction"
"642","2025-02-01","07:53:56","Uttar Pradesh","India","27.17588806152344","78.02174737782242","0","4.6","65.56212","9","0","tourist_attraction"
"646","2025-05-24","22:14:05","New South Wales","Australia","-33.9374280492166","151.16674770835974","0","26.5","78.71044","100","0","airport"
"649","2025-08-11","15:43:58","Islas Galapagos","Ecuador","-0.9569259693509744","-90.9672479101336","62","21.046","66.19676","19","0","food"
"650","2025-08-11","16:45:36","Islas Galapagos","Ecuador","-0.9569195604351493","-90.96725352062404","7","25.2635","61.609657","1","0","food"
"654","2025-07-07","15:57:51","Jujuy","Argentina","-23.6206071856324","-65.40680868968771","37","31.320002","54.055958","100","0","store"
"655","2025-07-07","17:19:06","Jujuy","Argentina","-23.62063535620317","-65.40680580268692","37","31.320002","54.055958","100","0","restaurant"
"657","2025-07-14","12:29:45","Mendoza","Argentina","-32.8276896870352","-68.79867383972865","37","25.12","93.63222","100","0.3","airport"
"659","2024-11-23","22:45:24","Seoul","South Korea","37.55058274312869","126.96980230316856","205","15.065499","53.40496","100","0","food"
"661","2024-11-23","07:26:21","Seoul","South Korea","37.556218885224695","126.92507244926928","205","14.2655","54.504513","100","0","restaurant"
"662","2025-04-28","12:13:24",NULL,"Macao","22.146322100039946","113.5635892026224","66","27.814001","75.404594","38","0","transit_station"
"674","2025-05-08","01:27:43","Siem Reap Province","Cambodia","13.37674265364619","104.22034699188164","8","27.6705","72.68602","99","0","airport"
"675","2025-05-08","02:18:09","Siem Reap Province","Cambodia","13.37549078010414","104.21990912327522","7","25.177","68.31604","94","0","bar"
"677","2024-12-29","05:00:15","Krung Thep Maha Nakhon","Thailand","13.759100960915084","100.49287871285355","174","10.967","76.09069","100","0","museum"
"680","2025-01-18","08:56:58","Selangor","Malaysia","2.7537456374044127","101.70838853136895","44","17.008","48.643757","27","0","airport"
"681","2025-01-18","08:50:20","Selangor","Malaysia","2.755314","101.712001","44","14.458","70.2602","74","0","airport"
"683","2025-04-23","08:09:04",NULL,"China","29.114897703835545","110.47914626217356","129","21.474499","75.55818","20","0","gym"
"689","2025-05-23","10:51:12","New South Wales","Australia","-33.860616","151.210122","0","26.45","79.18296","94","0","transit_station"
"691","2025-03-14","21:23:42","California","United States","33.8692089","-117.8717202","334","26.316","51.79523","100","0","store"
"692","2025-03-14","21:55:51","California","United States","33.869182","-117.871823","334","26.316","51.79523","100","0","store"
"695","2025-08-29","02:43:58","Cuzco","Peru","-13.516542","-71.983006","62","29.845999","52.043446","21","0","store"
"696","2025-08-23","20:48:33","Cuzco","Peru","-13.516066","-71.9823","62","28.246","63.24335","39","0","lodging"
"699","2025-07-02","02:16:33","Salta","Argentina","-24.77907138106283","-65.41143271269404","39","25.532","86.60506","78","0","night_club"
"701","2025-06-28","17:48:08","Ciudad Autonoma de Buenos Aires","Argentina","-34.588685","-58.433315","39","31.432","53.917732","99","0","transit_station"
"702","2025-03-28","09:33:12","Fukuoka","Japan","33.587443","130.385268","403","15.538","84.513245","0","0","sublocality"
"703","2025-03-28","05:18:59","Fukuoka","Japan","33.586884","130.381758","1004","21.234001","55.365856","87","0","political"
"704","2025-04-27","23:06:29","Kowloon","Hong Kong","22.319014","114.1694","128","26.918","77.58454","100","0","transit_station"
"710","2025-03-10","07:56:55","Lao Cai","Vietnam","22.359939575195312","104.08558385176444","311","22.5625","72.69489","4","0","transit_station"
"713","2025-01-08","13:12:38","Krung Thep Maha Nakhon","Thailand","13.9147626","100.6011858","194","15.2975","72.81472","64","0.1","airport"
"714","2025-01-08","13:16:16","Bangkok","Thailand","13.914161682128906","100.6013715692092","194","16.0975","67.58349","33","0","airport"
"716","2025-01-10","15:46:46","Chang Wat Surat Thani","Thailand","9.55096435546875","100.06493425694224","728","8.4825","79.73881","0","0","airport"
"718","2025-01-18","04:51:13","Chang Wat Krabi","Thailand","8.098106384277344","98.98052032837012","44","7.158","100","100","0","car_rental"
"719","2025-01-21","07:08:09","Wilayah Persekutuan Kuala Lumpur","Malaysia","3.133650511604563","101.68793767621388","308","12.5405","83.33527","25","0","health"
"733","2025-08-04","12:00:03","Galapagos Province","Ecuador","-0.900126","-89.607221","7","30.6635","49.86929","39","0","taxi_stand"
"736","2025-09-10","19:05:02","Ica","Peru","-14.0884228437841","-75.76343992112552","419","24.6935","34.848114","0","0","restaurant"
"738","2025-09-02","15:29:55","Puno","Peru","-15.841304708165977","-70.02653939985295","46","31.4825","28.575787","0","0","food"
"739","2025-08-31","03:01:50","Puno","Peru","-15.841314300301166","-70.02656410725567","46","31.4825","28.575787","0","0","food"
"740","2025-04-05","03:27:16","Tokyo","Japan","35.65973126978596","139.72248787543015","691","18.454498","73.3765","0","0","electrician"
"761","2025-01-23","14:12:09","Selangor","Malaysia","2.7475","101.714913","16","13.4335","86.83208","94","0","bar"
"763","2025-02-03","14:42:22","Delhi","India","28.61299133300781","77.2305134832484","31","6.8859997","64.89537","100","0","park"
"769","2025-05-12","21:36:14","Queensland","Australia","-16.8728728","145.7534128","165","25.528","65.25674","100","0","airport"
"770","2025-05-24","22:15:03","New South Wales","Australia","-33.936431","151.168053","0","26.5","78.71044","100","0","airport"
"776","2025-03-28","07:21:43","Fukuoka","Japan","33.593624","130.407065","1004","21.434","52.21952","49","0","sublocality_level_4"
"778","2025-04-28","13:47:50",NULL,"Hong Kong","22.31210327148437","113.95666611906589","66","29.114","65.99969","94","0","atm"
"779","2025-04-28","05:48:49",NULL,"Macao","22.186807902664643","113.54834292788416","66","26.464","84.12291","0","0","store"
"782","2024-12-30","10:16:10","Krung Thep Maha Nakhon","Thailand","13.718634349754405","100.58478378063631","174","10.117","74.90765","93","0","electronics_store"
"785","2025-03-11","01:10:47","Ho Chi Minh","Vietnam","10.814476013183594","106.66119069420986","434","15.016","94.35604","0","0","restaurant"
"792","2025-02-03","08:29:55","Delhi","India","28.524398803710938","77.1856645737673","0","4.7","59.37738","94","0","tourist_attraction"
"797","2025-01-26","11:01:05","Kerala","India","10.041224326390068","77.03672733177872","33","2.873","32.907375","0","0","airport"
"801","2025-05-17","01:15:35","New South Wales","Australia","-33.92983256540886","151.15252638235597","53","25.406","70.95903","24","0","store"
"802","2025-08-15","19:47:39","Pichincha","Ecuador","-0.1237671652026151","-78.36006381498338","62","33.146","37.20823","10","0","storage"
"804","2025-05-01","08:47:59","Taipei City","Taiwan","25.040506070992976","121.5656962652827","66","24.314001","83.11946","76","0","transit_station"
"806","2025-04-29","06:20:08","New Territories","Hong Kong","22.312322865577705","113.91695575972597","66","29.864","60.005703","99","0","transit_station"
"807","2025-04-29","06:46:21","New Territories","Hong Kong","22.311789304610503","113.91577187779386","66","29.864","60.005703","99","0","airport"
"809","2025-04-28","12:04:04",NULL,"Macao","22.14756774902344","113.56286376448776","66","27.814001","75.404594","38","0","tourist_attraction"
"825","2025-02-07","07:31:52","Ho Chi Minh","Vietnam","10.77845517770852","106.70292720501575","61","1.3909999","56.33594","0","0","bus_station"
"827","2025-02-09","07:55:23","Ho Chi Minh","Vietnam","10.771695262607167","106.69624914606516","135","3.644","65.82928","98","0","food"
"828","2025-02-09","06:53:07","Ho Chi Minh","Vietnam","10.772860409917678","106.69729334379772","135","3.644","65.82928","98","0","food"
"833","2025-04-23","14:04:20","Hunan","China","29.10711669921875","110.44141592473493","129","21.474499","75.55818","20","0","airport"
"834","2025-04-23","12:33:37","Hunan","China","29.1075943","110.4412719","129","21.474499","75.55818","20","0","airport"
"842","2025-01-28","01:49:57","Kerala","India","9.462265014648438","76.34416316245593","33","3.123","38.04974","0","0","store"
"845","2025-08-04","01:02:37","Galapagos Province","Ecuador","-0.900159990239051","-89.60716563243835","7","31.4135","44.881283","26","0","taxi_stand"
"846","2025-08-04","01:38:46","Galapagos Province","Ecuador","-0.9001599667445576","-89.60716560663272","7","31.4135","44.881283","26","0","taxi_stand"
"851","2025-06-21","17:18:12","Ciudad Autonoma de Buenos Aires","Argentina","-34.589069","-58.394809","0","26","88.492714","100","0","cemetery"
"852","2025-03-28","20:24:16","Fukuoka","Japan","33.592551103142185","130.41038754069436","1004","21.234001","55.365856","87","0","sublocality_level_4"
"853","2025-03-20","03:38:43",NULL,NULL,"37.464874267578125","126.432605616524","1004","19.284","66.91029","91","0","transit_station"
"854","2025-05-02","14:59:20","Taoyuan City","Taiwan","25.082000732421875","121.2370614752774","8","26.2205","77.71827","100","0","food"
"855","2025-04-28","01:25:07",NULL,"Macao","22.19771802860618","113.56064575511358","128","25.768","82.78259","5","0","transit_station"
"864","2024-12-30","15:18:03","Chiang Mai","Thailand","18.77111442734359","98.96844586274948","174","10.617","69.983734","81","0","airport"
"865","2024-12-30","03:50:05","Krung Thep Maha Nakhon","Thailand","13.7406429","100.499743","205","17.6655","91.511086","100","0.9","health"
"866","2024-12-29","13:06:50","Krung Thep Maha Nakhon","Thailand","13.757095336914062","100.49925181767505","174","10.516999","72.934586","100","0","bar"
"867","2025-01-20","01:54:36","Selangor","Malaysia","3.2379627227783203","101.68197625671694","308","7.0905","99.99999","100","0","transit_station"
"869","2025-01-20","03:27:49","Wilayah Persekutuan Kuala Lumpur","Malaysia","3.172143818022025","101.6705148486868","308","7.0905","99.99999","100","0","health"
"872","2025-04-23","05:01:40","Hunan","China","29.040513512970392","110.47749377050982","129","21.474499","75.55818","20","0","place_of_worship"
"873","2025-04-23","04:33:51","Hunan","China","29.042031069067537","110.47810972480922","129","21.474499","75.55818","20","0","place_of_worship"
"874","2025-04-22","08:27:23","Hu Nan Sheng","China","29.3473105692291","110.54757614361168","129","25.224499","67.05688","0","0","lodging"
"883","2025-09-06","13:19:19","Ancash","Peru","-9.148347291124615","-77.7410321881828","46","31.7325","36.231472","7","0","store"
"886","2024-11-26","05:03:44","Jeonbuk State","South Korea","35.81741350708306","127.15178700783407","205","16.615501","90.859474","100","1","store"
"887","2024-11-26","05:55:37","Jeonbuk State","South Korea","35.81741724816395","127.15189286730302","205","16.8155","90.87291","100","0.7","store"
"888","2025-05-02","15:13:22","Taoyuan City","Taiwan","25.081704712249905","121.23703140533242","8","27.0205","73.689804","100","0.1","airport"
"889","2025-05-02","14:55:39","Taoyuan City","Taiwan","25.081654","121.237021","66","23.414","88.8235","99","0","store"
"890","2025-04-28","04:28:51",NULL,"Macao","22.18798828125","113.54518088244464","66","24.764","90.01352","0","0","tourist_attraction"
"893","2025-02-10","05:35:00","Quang Binh","Vietnam","17.464889526367188","106.60542769945984","135","3.9940002","71.4405","0","0","restaurant"
"894","2025-02-10","04:41:59","Quang Binh","Vietnam","17.464242423879604","106.60624211730553","135","3.9940002","71.4405","0","0","food"
"903","2025-01-12","10:26:52","surasdrthani","Thailand","9.4627685546875","100.0430341713658","728","6.1825","81.680504","4","0","food"
"911","2025-02-03","07:07:42","Delhi","India","28.52543796341531","77.18699988208563","0","3.6","63.663986","100","0","travel_agency"
"912","2025-02-03","10:01:21","Delhi","India","28.526498931814384","77.1881738071606","0","4.7","59.37738","94","0","store"
"917","2025-08-04","09:41:37","Galapagos Province","Ecuador","-0.9001273144355525","-89.60722456059594","7","31.4135","44.881283","26","0","taxi_stand"
"918","2025-09-03","10:46:05","Callao","Peru","-12.028504431889065","-77.11565129395497","62","34.146","34.628403","11","0","transit_station"
"920","2025-09-11","21:55:03","Provincia de Lima","Peru","-12.12502022171862","-77.0259831266254","419","14.4935","51.97052","93","0","store"
"924","2025-07-04","20:46:40","Jujuy","Argentina","-24.185147060892447","-65.32787673331002","39","22.632","89.86054","98","0","clothing_store"
"926","2025-06-21","17:02:14","Ciudad Autonoma de Buenos Aires","Argentina","-34.58901103816637","-58.39279483399423","0","26.1","87.1809","99","0","park"
"928","2025-03-20","00:33:20",NULL,NULL,"37.46741931638292","126.4360473894841","1004","19.284","66.91029","91","0","transit_station"
"929","2025-03-20","03:22:07","Incheon","South Korea","37.46743774414063","126.43557097829932","1004","19.284","66.91029","91","0","transit_station"
"932","2025-03-04","05:28:38","Ninh Binh","Vietnam","20.21942138671875","105.921708205353","311","25.5625","58.44964","16","0","lodging"
"939","2024-12-29","04:32:34","Krung Thep Maha Nakhon","Thailand","13.746630430314225","100.4907918309184","205","16.5655","95.94288","100","5","food"
"940","2025-02-09","23:44:14","Ho Chi Minh","Vietnam","10.815025329589844","106.6619170909702","135","8.894","46.523556","0","0","airport"
"941","2025-02-09","23:29:35","Ho Chi Minh","Vietnam","10.81489282208896","106.66201272440262","135","6.844","57.98293","0","0","airport"
"945","2025-01-23","13:42:19","Selangor","Malaysia","2.7468947734355105","101.7144747374083","16","13.3835","86.54008","82","0","bar"
"946","2025-04-21","04:04:42","Hunan","China","29.333717639955072","110.42958645480977","129","23.874498","70.01385","2","0","tourist_attraction"
"953","2025-05-23","08:59:33","New South Wales","Australia","-33.87474664640791","151.2006656052673","0","26.45","79.18296","94","0","store"
"954","2025-05-23","11:08:48","New South Wales","Australia","-33.875489938483994","151.20952539945148","0","26.45","79.18296","94","0","transit_station"
"956","2024-11-11","17:21:18","California","United States","37.6175835814509","-122.38650717756629","205","9.1154995","60.91098","100","0","airport"
"960","2025-04-02","05:20:51","Tokyo","Japan","35.710482","139.81344","693","16.3835","68.55022","0","0","subway_station"
"961","2025-04-02","05:04:03","Tokyo","Japan","35.710029","139.809996","693","15.6835","70.969215","0","0","food"
"962","2025-03-24","09:26:23","Kagoshima","Japan","31.59018845116177","130.55536575678133","1004","17.284","68.50436","3","0","transit_station"
"963","2025-03-24","04:10:51","Kagoshima","Japan","31.59018565046279","130.5538968106427","1004","13.134","73.40831","21","0","political"
"965","2025-04-28","03:28:54",NULL,"Macao","22.191993","113.543961","66","24.764","90.01352","0","0","transit_station"
"966","2025-04-28","03:58:12",NULL,"Macao","22.19029622238422","113.5434955392162","66","24.764","90.01352","0","0","transit_station"
"969","2025-02-11","08:59:47","Quang Binh","Vietnam","17.610565185546875","106.3181448069892","135","0.644","88.70659","25","0","rv_park"
"970","2024-12-27","06:59:40","Krung Thep Maha Nakhon","Thailand","13.74432166981584","100.49421809001495","205","16.5655","95.94288","100","5","tourist_attraction"
"972","2024-12-29","10:57:23","Krung Thep Maha Nakhon","Thailand","13.760788781976393","100.49771736830796","174","10.617","74.478806","100","0","cafe"
"973","2024-12-29","12:05:17","Krung Thep Maha Nakhon","Thailand","13.760368347167969","100.49685185429315","174","10.516999","74.20494","100","0","restaurant"
"974","2025-01-08","12:12:55","Krung Thep Maha Nakhon","Thailand","13.9153046","100.6003725","194","15.2975","72.81472","64","0.1","store"
"975","2025-01-08","12:17:27","Krung Thep Maha Nakhon","Thailand","13.915519714355469","100.6002305994261","194","15.2975","72.81472","64","0.1","bar"
"978","2025-01-17","15:50:37","Chang Wat Krabi","Thailand","8.065834045410156","98.91593198222428","44","9.608","94.11871","3","0","spa"
"980","2025-01-20","04:02:04","Wilayah Persekutuan Kuala Lumpur","Malaysia","3.172432060297812","101.67072951864326","308","7.0905","99.99999","100","0","food"
"981","2025-01-20","04:23:53","Wilayah Persekutuan Kuala Lumpur","Malaysia","3.172826050686132","101.67075691749211","308","7.0905","99.99999","100","0","restaurant"
"984","2025-05-10","11:01:23",NULL,"Singapore","1.2856437059476775","103.84613833105752","165","25.528","66.492584","100","0","home_goods_store"
"986","2025-05-09","04:23:53",NULL,"Singapore","1.2861068514349572","103.8526063113664","7","25.427","66.47189","100","0","subway_station"
"987","2025-05-09","12:07:17",NULL,"Singapore","1.2825766830725651","103.86158004861966","165","24.477999","66.905396","100","0","tourist_attraction"
"988","2025-05-12","12:11:47","Bali","Indonesia","-8.74438080635333","115.16672547886472","165","25.878","65.73924","85","0.1","food"
"989","2025-05-12","12:58:23","Bali","Indonesia","-8.744392395019531","115.16676267906426","165","25.878","65.1265","99","0.1","food"
"993","2025-05-12","21:37:20","Queensland","Australia","-16.8728453","145.753351","165","25.528","65.25674","100","0","airport"
"994","2025-05-12","21:36:39","Queensland","Australia","-16.8728609","145.7533527","165","25.778","65.105446","72","0","airport"
"995","2025-08-15","19:45:18","Pichincha","Ecuador","-0.1237670350125763","-78.36006369376085","62","32.046","39.58893","3","0","airport"
"996","2025-08-15","19:38:33","Pichincha","Ecuador","-0.1237670845519465","-78.36006371969212","62","32.046","39.58893","3","0","finance"
"998","2025-09-03","11:31:37","Callao","Peru","-12.02872901159944","-77.11511352047788","46","36.182503","15.452647","62","0","transit_station"
"999","2025-09-03","11:32:02","Callao","Peru","-12.028639503491831","-77.11506297840661","46","35.7825","14.231566","65","0","transit_station"
"1001","2025-07-10","15:09:38","Salta","Argentina","-24.84457247160248","-65.47896468568801","37","30.970001","55.998123","100","0","airport"
"1002","2025-06-21","18:29:46","Ciudad Autonoma de Buenos Aires","Argentina","-34.61000085931339","-58.39102014622663","0","26.05","84.33239","99","0.3","transit_station"
"1006","2025-02-12","06:06:27","Quang Binh","Vietnam","17.475811","106.62323","135","0.99399996","89.06119","31","0","finance"
"1013","2025-01-17","12:04:58","Krabi","Thailand","8.066978","98.916028","44","14.958","60.62163","5","0","restaurant"
"1014","2025-01-23","07:07:04","Selangor","Malaysia","2.754494809196282","101.70433657954676","43","16.064499","49.401684","19","0","food"
"1015","2025-01-23","08:09:12","Selangor","Malaysia","2.7542972791311326","101.70447032114043","16","14.6335","78.75196","100","0","airport"
"1016","2025-05-12","05:03:38",NULL,"Singapore","1.3592344","103.9877184","334","20.816","76.66116","86","0","tourist_attraction"
"1019","2025-04-18","13:10:51","Bei Jing Shi","China","39.91761609797589","116.40713477224531","129","29.0745","47.012085","92","0","store"
"1021","2025-02-05","04:36:30","Delhi","India","28.5228271484375","77.20714686457842","0","4.7","59.37738","94","0","food"
"1023","2025-01-28","06:32:29","Kerala","India","10.1543371","76.3902416","36","16.7035","80.35345","100","2","airport"
"1029","2024-11-14","17:33:39","California","United States","37.618233477929614","-122.39233248430278","205","6.2655","79.978645","0","0","transit_station"
"1033","2025-09-12","11:02:16","Callao","Peru","-12.029242981205645","-77.11618642088216","37","24.02","97.91712","100","0.1","airport"
"1034","2025-08-16","02:11:36","Callao","Peru","-12.028625798261348","-77.11577820894114","62","34.146","34.628403","11","0","food"
"1035","2025-08-16","02:13:59","Callao","Peru","-12.028607171929371","-77.11585303972929","62","34.896","32.48113","17","0","food"
"1041","2025-07-14","11:47:11","Mendoza","Argentina","-32.827694132107084","-68.79867704198527","37","25.12","93.63222","100","0.3","car_rental"
"1042","2025-03-21","23:31:29","Fukuoka","Japan","33.589752197265625","130.4312150070849","1004","19.834002","64.24152","65","0","transit_station"
"1044","2025-03-20","03:34:13",NULL,NULL,"37.465667724609375","126.43299432048414","1004","19.284","66.91029","91","0","transit_station"
"1045","2025-03-19","20:41:03",NULL,NULL,"37.465569","126.433246","1004","19.284","66.91029","91","0","transit_station"
"1047","2025-04-30","07:11:18","Taipei City","Taiwan","25.044139592155357","121.52915849934664","66","26.464","74.50272","100","0","food"
"1048","2025-04-25","09:46:00","New Territories","Hong Kong","22.316810309130904","113.93107027937027","129","20.5245","79.09043","17","0","airport"
"1052","2024-12-29","04:38:58","Krung Thep Maha Nakhon","Thailand","13.750275947788255","100.48948801980664","205","11.565499","72.37715","100","0","transit_station"
"1053","2024-12-29","09:21:12","Krung Thep Maha Nakhon","Thailand","13.763557434082031","100.49616879735623","174","10.967","76.09069","100","0","cafe"
"1057","2025-01-23","13:34:30","Selangor","Malaysia","2.747111350023137","101.71429195847494","16","13.4335","86.83208","94","0","bar"
"1059","2025-05-10","07:01:33",NULL,"Singapore","1.3051289271561417","103.8513756807652","7","25.427","66.47189","100","0","transit_station"
"1061","2025-05-12","15:42:39","Bali","Indonesia","-8.744407653808594","115.16678320025156","165","25.778","65.105446","72","0","airport"
"1062","2025-05-12","16:01:18","Bali","Indonesia","-8.744410464605314","115.16678320025396","165","25.778","65.105446","72","0","airport"
"1065","2025-02-03","10:45:47","Delhi","India","28.52597045898437","77.21669041754858","0","5.35","62.225746","36","0","store"
"1066","2025-01-23","19:36:52","Kerala","India","10.157145112092016","76.39292612549625","36","16.8035","75.03315","7","0","store"
"1067","2025-01-23","19:13:29","Kerala","India","10.156810615969528","76.39495658148836","16","13.5835","87.13414","100","0","food"
"1068","2025-05-24","22:31:43","New South Wales","Australia","-33.935634","151.167803","0","26.5","78.71044","100","0","airport"
"1069","2025-05-24","22:30:43","New South Wales","Australia","-33.935592759139986","151.16779694892415","0","26.5","78.71044","100","0","airport"
"1076","2025-03-22","00:28:55","Fukuoka","Japan","33.58975482780158","130.4312150070849","1004","19.834002","64.24152","65","0","subway_station"
"1077","2025-03-21","23:42:24","Fukuoka","Japan","33.589755","130.431215","1004","20.984001","51.928623","39","0","sublocality_level_4"
"1078","2025-05-02","14:48:19","Taoyuan City","Taiwan","25.081796557356988","121.23712862102772","8","27.9705","68.02125","100","0","subway_station"
"1080","2025-03-03","05:20:03","Quang Ninh","Vietnam","20.922534","106.984554","313","22.3995","79.85164","9","0","cafe"
"1084","2025-01-03","03:54:09","Chiang Mai","Thailand","18.555627660355064","98.48246023050017","194","7.8975","79.65402","41","0","parking"
"1085","2025-01-03","00:03:03","Chang Wat Chiang Mai","Thailand","18.55577087402344","98.482728566401","194","7.8975","79.65402","41","0","tourist_attraction"
"1097","2025-07-14","11:20:44","Mendoza","Argentina","-32.82769414588515","-68.79867718962313","37","27.62","76.98691","100","0","car_rental"
"1098","2025-06-21","14:45:02","Ciudad Autonoma de Buenos Aires","Argentina","-34.573286569388706","-58.43867882629366","0","25.95","84.06696","100","1.2","transit_station"
"1099","2025-06-26","19:27:16","Ciudad Autonoma de Buenos Aires","Argentina","-34.6094864","-58.3815915","0","26.05","84.33239","99","0.3","transit_station"
"1101","2025-03-24","23:11:17","Kagoshima","Japan","31.588884327658285","130.55192074006138","1004","14.834001","72.48788","56","0","convenience_store"
"1102","2024-11-20","09:01:57","Seoul","South Korea","37.5552648","126.9839123","205","8.9655","70.88718","100","0","park"
"1113","2024-12-29","01:29:29","Krung Thep Maha Nakhon","Thailand","13.744561206494108","100.49247903360978","205","17.7155","92.68632","100","1.4","transit_station"
"1127","2024-11-11","16:41:30","California","United States","37.620849609375","-122.39300783514764","205","19.1655","67.32446","99","0","airport"
"1128","2025-08-30","01:17:48","Cuzco","Peru","-13.515618308806497","-71.97898954965432","62","25.246","72.48613","80","0","food"
"1129","2025-08-22","20:53:39","Cuzco","Peru","-13.517371341384193","-71.97873825591013","62","24.345999","77.68067","52","0","food"
"1131","2025-07-01","16:13:59","Salta","Argentina","-24.78530571622119","-65.40653248419103","39","25.532","86.60506","78","0","restaurant"
"1132","2025-04-07","04:03:12","Tokyo","Japan","35.68390094678447","139.7022092064281","691","16.1545","81.33565","0","0","sublocality_level_4"
"1133","2025-05-02","08:57:48","Taipei City","Taiwan","25.04437255859375","121.50684052439765","66","23.364","89.63888","98","0","store"
"1136","2025-02-11","09:44:09","Quang Binh","Vietnam","17.46165","106.617316","135","3.444","71.07128","0","0","restaurant"
"1137","2025-03-11","04:16:36","Ho Chi Minh","Vietnam","10.816737","106.663137","434","15.016","94.35604","0","0","airport"
"1139","2025-01-10","06:51:31","Chang Wat Phuket","Thailand","7.885897093235395","98.38754347948874","194","11.5975","61.939606","0","0","beauty_salon"
"1142","2025-01-23","13:03:19","Selangor","Malaysia","2.7473548435616992","101.71411447209954","16","13.0835","87.08705","100","0","airport"
"1144","2025-05-12","05:03:58",NULL,"Singapore","1.3600692749023438","103.98802012657455","334","20.816","76.66116","86","0","shopping_mall"
"1145","2025-03-11","12:11:10",NULL,"Singapore","1.3607711791992188","103.98827578946504","334","22.916","70.72072","81","0","tourist_attraction"
"1149","2025-01-27","09:02:30","Kerala","India","9.481483459472656","76.36358998671453","33","2.323","35.899227","0","0","lodging"
"1158","2025-03-04","03:08:50","Ninh Binh","Vietnam","20.22940956035349","105.93422738040768","311","25.5625","58.44964","16","0","place_of_worship"
"1159","2025-03-04","02:32:06","Ninh Binh","Vietnam","20.23008728027344","105.93424214400288","311","24.612501","63.843086","3","0","place_of_worship"
"1161","2025-03-04","07:59:56","Ninh Binh","Vietnam","20.216340117122915","105.93780593035754","311","25.5625","58.44964","16","0","store"
"1170","2025-02-13","06:08:20","Hue City","Vietnam","16.388177312328377","107.57298435571484","35","3.426","90.54823","0","0","cafe"
"1178","2025-01-18","06:08:49","Krabi","Thailand","8.098551625291579","98.98134948186431","44","12.708","82.52222","63","0","airport"
"1179","2025-01-18","07:16:39","Krabi","Thailand","8.098644448058195","98.98166495241357","44","10.507999","96.393875","100","0","airport"
"1185","2025-08-05","01:05:33","Galapagos Province","Ecuador","-0.9001569126950641","-89.60714515815087","7","29.6635","60.700344","12","0","taxi_stand"
"1187","2025-07-02","11:02:19","Salta","Argentina","-24.77969850115883","-65.4068726369166","39","22.882","90.15488","89","0","store"
"1188","2025-04-02","06:49:14","Tokyo","Japan","35.7139364","139.7917147","693","16.1835","67.15101","0","0","political"
"1191","2025-04-07","03:49:38","Tokyo","Japan","35.7013552","139.7442508","691","13.2045","87.96874","9","0","sublocality_level_4"
"1192","2025-03-21","08:04:25","Fukuoka","Japan","33.5897216796875","130.41095538121863","1004","21.434","52.21952","49","0","political"
"1193","2025-04-30","09:03:25","Taipei City","Taiwan","25.04382146670651","121.50580412040344","66","25.864","73.94785","100","0","lodging"
"1194","2025-03-03","06:58:40","Hai Phong","Vietnam","20.75057842073961","106.49674125259251","313","22.3995","79.85164","9","0","food"
"1197","2025-02-15","04:24:31","Hue City","Vietnam","16.40783176495727","107.5778307181223","43","11.124","48.19736","31","0","tourist_attraction"
"1204","2024-12-28","10:15:50","Krung Thep Maha Nakhon","Thailand","13.7260812","100.511768","205","15.8654995","94.39202","98","0","transit_station"
"1205","2025-01-10","06:59:21","Chang Wat Phuket","Thailand","7.8856964111328125","98.38922259016245","194","11.5975","61.939606","0","0","home_goods_store"
"1206","2025-01-10","06:26:37","Chang Wat Phuket","Thailand","7.885298545512443","98.38918428510604","194","11.5975","61.939606","0","0","food"
"1209","2025-04-22","08:20:43","Hu Nan Sheng","China","29.3486328125","110.54789206477932","129","25.224499","67.05688","0","0","restaurant"
"1212","2025-01-31","10:01:57","Rajasthan","India","26.920181274414062","75.82607039917592","0","4.7","76.11336","6","0","place_of_worship"
"1213","2025-01-30","14:04:12","Rajasthan","India","26.984130859375","75.85197076338162","0","7.4","50.01402","98","0","park"
"1214","2025-01-24","12:12:37","Kerala","India","9.969317508385648","76.24998585974672","33","9.172999","27.004223","0","0","restaurant"
"1215","2025-01-24","12:23:09","Kerala","India","9.96949217183153","76.25001374174023","33","9.172999","27.004223","0","0","food"
"1216","2025-09-03","01:34:46","Callao","Peru","-12.022675341117594","-77.10726339731947","46","34.932503","16.442198","34","0","lodging"
"1217","2025-09-03","02:37:18","Callao","Peru","-12.022675653311254","-77.10726485852528","46","34.932503","16.442198","34","0","transit_station"
"1218","2025-09-12","01:02:50","Provincia de Lima","Peru","-12.124536933967002","-77.02569693957247","419","21.1435","52.143417","36","0","cafe"
"1222","2025-07-06","01:56:05","Jujuy","Argentina","-24.185155980851995","-65.32787904105942","39","22.432","91.2388","100","0","store"
"1224","2025-07-10","12:06:24","Salta","Argentina","-24.785055416997437","-65.39989947720018","37","31.42","54.08066","100","0","health"
"1225","2025-04-01","02:51:58","Tokyo","Japan","35.648865155370835","139.78950894269812","693","15.9335","68.91806","0","0","amusement_park"
"1227","2025-04-13","10:21:17","Shizuoka","Japan","35.31317138671875","138.92631475333505","691","23.004501","50.597336","20","0","restaurant"
"1229","2025-02-11","10:45:38","Quang Binh","Vietnam","17.47676428147727","106.61801704044666","135","0.29399997","90.31494","31","0","food"
"1230","2025-02-11","10:40:38","Quang Binh","Vietnam","17.4769115654126","106.6179793184526","135","0.29399997","90.31494","31","0","general_contractor"
"1236","2025-01-12","10:37:55","Chang Wat Surat Thani","Thailand","9.466712951660156","100.04562629860771","728","6.1825","81.680504","4","0","store"
"1237","2025-01-17","06:44:47","Surat Thani","Thailand","9.320579528808594","99.7358078559661","728","12.6825","62.84414","0","0","finance"
"1238","2025-01-17","07:16:18","Surat Thani","Thailand","9.319946305954751","99.73632738715692","728","11.0325","70.06627","0","0","transit_station"
"1239","2025-05-12","03:14:57",NULL,"Singapore","1.282892637978965","103.8430589998662","165","25.178","67.46805","100","0.1","health"
"1240","2025-05-12","03:16:53",NULL,"Singapore","1.2838983535766602","103.84332074748689","7","25.327002","67.70893","100","0","transit_station"
"1247","2025-08-04","19:38:58","Galapagos Province","Ecuador","-0.9001614339181297","-89.6071517332723","7","29.6635","60.700344","12","0","taxi_stand"
"1248","2025-04-06","13:39:54","Tokyo","Japan","35.68877771246237","139.70009113717188","691","16.1545","81.33565","0","0","transit_station"
"1249","2025-03-31","08:26:00","Tokyo","Japan","35.674152","139.701012","693","22.3335","48.939262","0","0","political"
"1250","2025-03-25","09:05:04","Kumamoto","Japan","32.914581298828125","130.97258357461394","403","15.288","77.812485","3","0","health"
"1251","2025-04-29","04:34:50","New Territories","Hong Kong","22.31665903814485","113.93576427528352","129","20.5245","79.09043","17","0","transit_station"
"1262","2025-02-23","05:03:02","Hue City","Vietnam","16.334300335118858","107.95561707058614","5","31.0195","41.76304","2","0","restaurant"
"1263","2025-02-23","04:52:16","Hue City","Vietnam","16.332852997796522","107.95855046024472","5","27.2695","62.835514","6","0","lodging"
"1266","2025-02-05","14:13:45","Ho Chi Minh","Vietnam","10.816879272460938","106.66361938665412","31","4.086","92.21578","16","0","transit_station"
"1268","2025-05-12","04:06:57",NULL,"Singapore","1.285014","103.844242","7","25.327002","67.70893","100","0","food"
"1269","2025-04-24","06:13:41",NULL,"China","34.2618408203125","108.94511799510526","129","20.6745","77.373634","22","0","store"
"1275","2025-05-19","08:32:34","Victoria","Australia","-38.50748296399384","145.1480666052301","53","25.106","76.1349","23","0","tourist_attraction"
"1279","2025-04-02","07:21:34","Tokyo","Japan","35.7128454","139.7884608","693","16.1835","67.15101","0","0","home_goods_store"
"1286","2025-03-09","07:38:06","Lai Chau","Vietnam","22.30340331879336","103.77538684438342","434","18.166","88.39567","92","0","tourist_attraction"
"1290","2025-01-05","02:26:35","Chang Wat Chiang Rai","Thailand","19.824335617144936","99.76406709739666","194","10.997499","71.77462","100","0","food"
"1291","2025-01-05","01:54:20","Chiang Rai","Thailand","19.823226928710938","99.76319903097776","194","10.997499","71.77462","100","0","place_of_worship"
"1292","2025-03-11","02:46:49","Ho Chi Minh","Vietnam","10.8164178226497","106.66398968952802","434","15.016","94.35604","0","0","airport"
"1293","2025-03-11","02:55:50","Ho Chi Minh","Vietnam","10.816389239826474","106.66390333924532","31","6.3859997","97.27915","12","0","airport"
"1294","2025-01-21","05:47:42","Federal Territory of Kuala Lumpur","Malaysia","3.1379810721124564","101.6882961906945","308","12.5405","83.33527","25","0","tourist_attraction"
"1295","2025-01-22","12:08:36","Wilayah Persekutuan Kuala Lumpur","Malaysia","3.122391626626163","101.68780829024142","308","11.0905","93.87112","9","0","place_of_worship"
"1296","2025-01-22","12:02:06","Wilayah Persekutuan Kuala Lumpur","Malaysia","3.1218090057373047","101.68770718293004","308","11.0905","93.87112","9","0","florist"
"1297","2025-05-11","08:28:02",NULL,"Singapore","1.2817079180151951","103.84418847885236","165","25.528","66.492584","100","0","museum"
"1298","2025-05-11","02:45:36",NULL,"Singapore","1.3021154403686523","103.85842942080856","165","25.628","67.34793","100","0.1","food"
"1299","2025-05-11","02:39:08",NULL,"Singapore","1.3017809632434802","103.8594894896117","165","25.628","67.34793","100","0.1","restaurant"
"1302","2025-03-16","18:16:06","California","United States","33.8772171319337","-117.87899228607482","334","26.316","51.79523","100","0","lodging"
"1303","2024-11-14","17:36:05","California","United States","37.617504","-122.389958","205","7.4655004","72.881676","0","0","transit_station"
"1304","2025-07-06","04:53:07","Jujuy","Argentina","-24.185154603768844","-65.32787927702338","39","22.231998","92.92483","97","0","clothing_store"
"1305","2025-07-05","03:14:57","Jujuy","Argentina","-24.18515650066508","-65.32787866181546","39","22.282","92.3583","100","0","clothing_store"
"1306","2025-07-02","10:14:05","Salta","Argentina","-24.77967799582622","-65.40689338768226","39","22.632","92.377686","100","0","store"
"1307","2025-07-02","09:02:53","Salta","Argentina","-24.779672923553765","-65.40688297074031","39","22.932","91.83077","100","0","store"
"1309","2025-03-21","08:19:12","Fukuoka","Japan","33.58961591561747","130.41125947228738","1004","21.434","52.21952","49","0","political"
"1310","2025-05-02","04:46:25","Taipei City","Taiwan","25.04419194017736","121.50736493857411","66","25.864","73.94785","100","0","store"
"1311","2025-05-02","04:49:13","Taipei City","Taiwan","25.043109482875888","121.50738658295325","66","25.864","73.94785","100","0","tourist_attraction"
"1314","2025-02-08","10:22:55","Ho Chi Minh","Vietnam","10.787265947360236","106.69651706856315","31","3.786","96.53863","96","0","food"
"1320","2024-11-11","16:49:44","California","United States","37.62035760787436","-122.39050959277046","205","10.4655","68.508316","100","0","airport"
"1321","2024-11-11","17:05:16","California","United States","37.62068558677546","-122.38940726652496","205","10.0155","61.781498","100","0","airport"
"1322","2025-04-02","07:05:12","Tokyo","Japan","35.713842","139.788732","693","15.9335","68.91806","0","0","political"
"1323","2025-04-01","06:10:08","Tokyo","Japan","35.715178","139.789055","693","16.1835","67.15101","0","0","sublocality"
"1324","2025-04-02","07:41:50","Tokyo","Japan","35.711154060644304","139.78817834023346","693","15.9335","68.91806","0","0","home_goods_store"
"1325","2025-04-02","07:55:43","Tokyo","Japan","35.710322","139.788857","693","15.9335","68.91806","0","0","political"
"1341","2024-12-31","08:21:48","Chang Wat Chiang Mai","Thailand","18.789456147764582","98.9823563491004","194","9.747499","69.081345","0","0","place_of_worship"
"1342","2024-12-27","08:51:38","Bangkok","Thailand","13.745976578473998","100.49270403280008","205","16.5655","95.94288","100","5","place_of_worship"
"1343","2024-12-27","08:34:08","Krung Thep Maha Nakhon","Thailand","13.746551513671877","100.49224436288574","205","16.5655","95.94288","100","5","food"
"1350","2025-02-02","05:16:57","Uttar Pradesh","India","27.162639781502254","78.05662686041443","0","4.6","65.56212","9","0","lodging"
"1357","2025-07-05","22:13:56","Jujuy","Argentina","-24.18515343461947","-65.32787806732439","37","22.470001","90.68198","99","0","store"
"1358","2025-04-27","09:11:47","Hong Kong Island","Hong Kong","22.290496826171875","114.14567964491076","128","27.817999","72.05143","41","0","tourist_attraction"
"1359","2025-04-27","09:14:15","Hong Kong Island","Hong Kong","22.28989506135242","114.14591483557564","128","27.817999","72.05143","41","0","tourist_attraction"
"1364","2025-02-15","04:51:10","Hue City","Vietnam","16.412014","107.576826","43","11.124","48.19736","31","0","tourist_attraction"
"1365","2025-02-15","04:36:55","Hue City","Vietnam","16.408836389050844","107.57579009414124","43","11.124","48.19736","31","0","tourist_attraction"
"1367","2025-01-05","03:21:05","Chang Wat Chiang Rai","Thailand","19.923439","99.841975","194","10.997499","71.77462","100","0","place_of_worship"
"1368","2025-01-12","10:43:13","Chang Wat Surat Thani","Thailand","9.4693756360196","100.04804419083952","728","6.1825","81.680504","4","0","bar"
"1369","2025-01-12","09:12:49","Chang Wat Surat Thani","Thailand","9.468028223085351","100.04742201579936","728","6.1825","81.680504","4","0","food"
"1370","2025-05-12","03:21:34",NULL,"Singapore","1.2849760055541992","103.84460789484446","165","25.178","67.46805","100","0.1","transit_station"
"1371","2025-05-11","09:23:12",NULL,"Singapore","1.2850486","103.8447354","165","24.828","68.2474","99","0","transit_station"
"1375","2025-01-24","10:56:09","Kerala","India","9.965805053710938","76.24202744264618","36","7.3535","63.15804","100","0","lodging"
"1378","2025-04-02","05:50:01","Tokyo","Japan","35.713753","139.796691","693","14.883499","73.718575","0","0","sublocality_level_4"
"1379","2025-04-02","06:02:01","Tokyo","Japan","35.7144475130293","139.79580868296736","693","14.883499","73.718575","0","0","sublocality_level_4"
"1380","2025-04-05","05:52:29","Tokyo","Japan","35.664483254648395","139.70305099652134","693","22.3335","48.939262","0","0","sublocality"
"1381","2025-04-05","11:06:50","Tokyo","Japan","35.66941545683511","139.69497239087573","691","16.1545","81.33565","0","0","sublocality_level_4"
"1382","2025-04-04","03:23:25","Tokyo","Japan","35.67147108806132","139.6941855044927","691","16.1545","81.33565","0","0","sublocality"
"1385","2025-05-04","00:21:26","Siem Reap Province","Cambodia","13.412512698309808","103.85606596346578","8","26.7705","68.20488","100","0","place_of_worship"
"1386","2025-01-14","07:57:23","Surat Thani","Thailand","9.504364761406269","100.05575569305404","728","10.5825","70.46427","0","0","restaurant"
"1391","2025-05-13","02:12:18","Queensland","Australia","-16.91446743793375","145.77254530457233","165","23.977999","75.25254","100","0","store"
"1394","2025-07-29","03:17:13","Pichincha","Ecuador","-0.185702","-78.48168","56","26.6495","81.89108","100","0","cafe"
"1395","2025-09-07","03:20:18","Ancash","Peru","-9.529127127905817","-77.52571306937536","46","24.082499","76.21056","100","0","food"
"1396","2025-09-12","05:48:55","Provincia de Lima","Peru","-12.124545914894243","-77.02568524394337","419","19.2435","61.222145","0","0","store"
"1397","2025-04-26","09:04:26","Hong Kong Island","Hong Kong","22.27827453613281","114.17453969950093","128","27.567999","75.59422","9","0","transit_station"
"1398","2025-04-26","06:47:24","Hong Kong Island","Hong Kong","22.27064514160156","114.14986385952857","128","27.317999","76.2454","97","0","food"
"1400","2025-03-04","04:27:34","Ninh Binh","Vietnam","20.230416851429684","105.936079774732","311","24.612501","63.843086","3","0","cafe"
"1401","2025-03-04","04:14:38","Ninh Binh","Vietnam","20.23116706521902","105.9359671809277","311","24.612501","63.843086","3","0","tourist_attraction"
"1402","2024-12-30","02:59:14","Krung Thep Maha Nakhon","Thailand","13.742917628066428","100.5024902839853","205","17.2155","88.8842","100","2.4","place_of_worship"
"1410","2025-05-19","07:24:06","Victoria","Australia","-38.51024368415821","145.15055127514566","53","25.106","76.1349","23","0","park"
"1411","2025-05-19","08:13:22","Victoria","Australia","-38.5103175673289","145.15028189212063","53","25.106","76.1349","23","0","park"
"1413","2025-07-28","12:57:46","Pichincha","Ecuador","-0.185669","-78.481708","56","23.9995","97.32863","100","1.8","store"
"1416","2025-07-14","11:23:36","Mendoza","Argentina","-32.82769413962151","-68.79867712993959","37","26.320002","86.939","100","0","airport"
"1421","2025-03-05","06:12:13","Ninh Binh","Vietnam","20.278664990773503","105.86634949434044","311","26.862501","47.785027","24","0","place_of_worship"
"1423","2025-03-09","03:40:17","Lao Cai","Vietnam","22.34003471562041","103.82611433196382","434","25.216002","63.772827","97","0","cafe"
"1426","2025-04-21","05:03:00","Hunan","China","29.33164910402904","110.42609588515172","129","23.874498","70.01385","2","0","tourist_attraction"
"1427","2025-04-24","10:57:51","Shan Xi Sheng","China","34.26279735443869","108.94194533715776","129","21.624498","72.52883","23","0","store"
"1430","2025-05-19","05:05:55","Victoria","Australia","-38.538482666015625","145.33715016666665","53","24.806","78.95406","10","0","cafe"
"1433","2025-09-09","04:32:14","Provincia de Lima","Peru","-12.12451787995251","-77.02569341448282","419","13.5435","59.660324","98","0","food"
"1437","2025-01-23","12:06:13","Selangor","Malaysia","2.7522054755080694","101.70511915255696","16","13.1835","86.23369","37","0","airport"
"1445","2025-03-18","15:13:47","California","United States","33.8757129","-117.8695813","334","25.066","63.941357","90","0","transit_station"
"1447","2025-07-02","12:33:20","Salta","Argentina","-24.779695","-65.406779","39","22.882","90.15488","89","0","lodging"
"1449","2025-02-26","03:35:04","Ha Noi","Vietnam","21.04788350643985","105.83757214155727","13","26.4805","46.014973","0","0","store"
"1450","2025-03-10","06:38:45","Lao Cai","Vietnam","22.335952758789062","103.84548443957289","311","22.5625","72.69489","4","0","store"
"1455","2025-01-20","10:51:34","Wilayah Persekutuan Kuala Lumpur","Malaysia","3.147436141967773","101.71214898912048","308","11.0905","93.87112","9","0","store"
"1456","2025-04-21","05:20:52","Hunan","China","29.332387778290475","110.4259078067418","129","23.874498","70.01385","2","0","tourist_attraction"
"1464","2025-07-06","13:58:09","Jujuy","Argentina","-24.185154463460695","-65.32787807278032","37","25.27","83.99257","90","0","clothing_store"
"1465","2025-07-10","15:21:32","Salta","Argentina","-24.84442281902151","-65.47890845044242","37","30.970001","55.998123","100","0","airport"
"1466","2025-07-10","15:13:54","Salta","Argentina","-24.844413771066076","-65.47889656218733","37","30.970001","55.998123","100","0","airport"
"1467","2025-03-10","12:50:00","Ha Noi","Vietnam","21.20400041555913","105.83169581320328","434","15.066","95.896515","0","0","storage"
"1469","2025-03-09","10:31:33","Lao Cai","Vietnam","22.33253104792989","103.83913748886516","434","16.916","91.46408","2","0","lodging"
"1474","2025-01-21","05:00:58","Federal Territory of Kuala Lumpur","Malaysia","3.137501400257776","101.6872481553148","308","12.5405","83.33527","25","0","train_station"
"1476","2025-01-23","12:09:12","Selangor","Malaysia","2.752240406983134","101.7051297718198","16","14.1335","81.33887","100","0","airport"
"1481","2025-09-12","10:49:35","Callao","Peru","-12.029066372648126","-77.11626853710796","37","24.02","97.91712","100","0.1","transit_station"
"1483","2025-04-01","02:55:52","Tokyo","Japan","35.6491393","139.7898711","693","16.4835","67.889015","0","0","amusement_park"
"1484","2025-04-01","03:06:17","Tokyo","Japan","35.64892994222168","139.78988967819984","693","15.9335","68.91806","0","0","political"
"1485","2025-04-27","05:22:21","Hong Kong Island","Hong Kong","22.283812","114.154954","128","27.018","77.59925","100","0","store"
"1486","2025-04-29","03:29:40","Hong Kong Island","Hong Kong","22.279073","114.165648","128","26.918","77.58454","100","0","embassy"
"1493","2024-12-28","09:51:24","Krung Thep Maha Nakhon","Thailand","13.726413","100.511002","205","15.2155","93.75593","0","0","transit_station"
"1498","2025-08-11","21:07:21","Islas Galapagos","Ecuador","-0.956594","-90.964231","62","22.646","67.81357","100","0","restaurant"
"1499","2025-04-03","23:13:59","Tokyo","Japan","35.694458855910845","139.7476285371765","693","22.5835","50.8198","9","0","sublocality"
"1500","2025-03-31","04:31:03","Tokyo","Japan","35.69262335879394","139.74768581234835","693","22.5835","50.8198","9","0","cafe"
"1502","2025-04-29","03:50:02","Hong Kong Island","Hong Kong","22.284988403320312","114.1583620457024","128","28.118","71.450356","72","0","store"
"1504","2025-03-05","09:32:53","Ninh Binh","Vietnam","20.2490297416875","105.9180933702928","311","26.862501","47.785027","24","0","place_of_worship"
"1506","2025-03-16","17:11:24","California","United States","33.8771755","-117.8792872","334","26.316","51.79523","100","0","lodging"
"1509","2025-08-05","13:22:31","Galapagos Province","Ecuador","-0.900158","-89.607147","7","29.0135","59.995792","92","0","taxi_stand"
"1510","2025-07-06","10:30:10","Jujuy","Argentina","-24.1851541209371","-65.32787794746126","37","26.970001","77.12285","99","0","clothing_store"
"1511","2025-07-06","12:37:48","Jujuy","Argentina","-24.185154266632765","-65.3278779256247","37","29.67","62.39713","100","0","store"
"1512","2025-07-06","04:09:20","Jujuy","Argentina","-24.1851539047478","-65.32787792955173","37","28.62","66.50557","100","0","store"
"1513","2025-07-06","04:04:27","Jujuy","Argentina","-24.18515389201336","-65.3278779081757","37","28.62","66.50557","100","0","store"
"1514","2025-03-31","07:05:37","Tokyo","Japan","35.659723","139.703956","693","22.5835","50.8198","9","0","sublocality"
"1515","2025-04-28","14:13:09","Kowloon","Hong Kong","22.30550037433174","114.1693324241793","129","20.4245","76.60009","0","0","food"
"1517","2025-02-26","03:59:50","Ha Noi","Vietnam","21.042739426587985","105.83599435438116","13","26.4805","46.014973","0","0","cafe"
"1520","2025-03-10","22:43:50","Ha Noi","Vietnam","21.21600007974291","105.80144100538224","434","15.016","95.276764","0","0","airport"
"1525","2025-05-04","12:14:12","Siem Reap Province","Cambodia","13.352866740628889","103.8591201395487","7","24.377","75.785446","27","0","lodging"
"1526","2025-01-13","11:28:02","Chang Wat Surat Thani","Thailand","9.5281198","100.0597954","728","8.8325","75.73473","0","0","travel_agency"
"1527","2025-01-22","13:28:01","Wilayah Persekutuan Kuala Lumpur","Malaysia","3.142522031909427","101.69814381490325","16","14.6335","77.712494","100","0","food"
"1531","2025-01-31","06:42:48","Rajasthan","India","26.92578862632829","75.82346595334536","0","5.7","67.01456","1","0","store"
"1535","2025-08-05","14:16:30","Galapagos Province","Ecuador","-0.9001579105838546","-89.60714712155755","7","29.1135","60.57594","87","0","taxi_stand"
"1537","2025-07-06","00:52:32","Jujuy","Argentina","-24.185153694853277","-65.3278779577433","37","22.470001","90.68198","99","0","store"
"1538","2025-04-08","14:26:05","Tokyo","Japan","35.69104428930332","139.70087134404838","691","16.1545","81.33565","0","0","subway_station"
"1539","2025-03-21","23:17:29","Fukuoka","Japan","33.58965736457272","130.4310746679212","1004","19.284","66.91029","91","0","food"
"1540","2024-11-20","09:27:44","Seoul","South Korea","37.561586","126.985032","205","6.5155","75.33984","40","0","store"
"1544","2024-12-29","14:23:26","Krung Thep Maha Nakhon","Thailand","13.7427978515625","100.50243612477531","205","17.015501","86.889244","100","0.7","clothing_store"
"1546","2025-01-20","12:36:41","Wilayah Persekutuan Kuala Lumpur","Malaysia","3.1466566464177967","101.71146309257144","308","7.9405003","100","100","0","store"
"1547","2025-01-20","12:30:50","Wilayah Persekutuan Kuala Lumpur","Malaysia","3.146432","101.711199","308","7.7404995","95.9863","90","0.2","transit_station"
"1549","2025-04-24","23:06:52","Shan Xi Sheng","China","34.262664794921875","108.9437636668822","129","21.624498","72.52883","23","0","beauty_salon"
"1551","2025-05-24","19:13:14","New South Wales","Australia","-33.86724853515625","151.1155761315657","0","26.35","79.89375","98","0","hair_care"
"1553","2025-03-16","17:29:10","California","United States","33.8773004","-117.8792186","334","26.316","51.79523","100","0","lodging"
"1557","2025-07-15","00:50:55","Callao","Peru","-12.028840950690665","-77.1165383277144","37","24.37","96.75244","100","0","transit_station"
"1558","2025-09-12","09:17:17","Provincia de Lima","Peru","-12.12456036161754","-77.02567919447925","419","17.9935","65.11689","0","0","cafe"
"1559","2025-09-12","09:14:31","Provincia de Lima","Peru","-12.124562229988584","-77.02567833583785","419","17.9935","65.11689","0","0","cafe"
"1562","2025-07-06","01:10:20","Jujuy","Argentina","-24.18515371018524","-65.32787798522635","37","26.970001","77.12285","99","0","clothing_store"
"1564","2025-04-10","23:57:18","Tochigi","Japan","36.76193237304688","139.61747479569576","691","23.004501","50.597336","20","0","lodging"
"1565","2025-03-31","02:16:31","Tokyo","Japan","35.686214920575466","139.75524474405344","693","20.783499","59.401978","0","0","sublocality_level_4"
"1567","2025-04-07","05:53:18","Tokyo","Japan","35.667729","139.705969","691","21.6545","60.58613","0","0","cafe"
"1568","2025-04-07","05:49:11","Tokyo","Japan","35.66691853174615","139.70627944757317","691","16.1545","81.33565","0","0","political"
"1569","2025-03-05","03:24:55","Ninh Binh","Vietnam","20.28426593474484","105.90875800001191","311","27.0125","49.227287","30","0","food"
"1570","2025-03-05","03:04:34","Ninh Binh","Vietnam","20.285366026863187","105.90691905612506","311","27.0125","49.227287","30","0","place_of_worship"
"1573","2025-03-09","08:29:24","Lao Cai","Vietnam","22.338259","103.824112","434","23.766","64.26865","74","0","tourist_attraction"
"1574","2025-02-25","02:01:53","Thanh pho Hue","Vietnam","16.34002685546875","107.95355873346806","13","24.7305","58.99934","0","0","health"
"1578","2025-01-06","14:27:47","Phayao","Thailand","19.35411071777344","100.51138434758944","194","10.7975","91.06568","100","0","lodging"
"1584","2025-01-15","11:24:18",NULL,"Thailand","9.538326","99.931329","728","11.9825","65.801094","0","0","transit_station"
"1585","2025-01-15","00:28:40","Surat Thani","Thailand","9.506126403808594","100.05380890662988","728","10.5825","70.46427","0","0","food"
"1587","2025-05-24","19:26:25","New South Wales","Australia","-33.86726165565086","151.1155761315657","0","26.5","78.71044","100","0","hair_care"
"1588","2025-05-23","23:24:39","New South Wales","Australia","-33.867262","151.115576","0","26.5","78.71044","100","0","hair_care"
"1590","2025-04-07","11:09:58","Tokyo","Japan","35.69736997972442","139.7866885756632","693","20.783499","59.401978","0","0","subway_station"
"1591","2025-04-07","03:41:30","Tokyo","Japan","35.6974108","139.7850081","691","18.454498","73.3765","0","0","sublocality"
"1592","2025-03-10","12:18:23","Ha Noi","Vietnam","21.20277404785156","105.83279641222796","434","15.066","95.896515","0","0","restaurant"
"1598","2025-01-07","01:53:12","Chang Wat Phayao","Thailand","19.355155","100.511081","194","12.0975","71.73589","100","0","cafe"
"1599","2025-01-07","00:58:22","Chang Wat Phayao","Thailand","19.35435485839844","100.51140510854522","194","12.0975","71.73589","100","0","campground"
"1600","2024-12-30","03:33:48","Krung Thep Maha Nakhon","Thailand","13.742813110351562","100.50247597964082","174","10.367","73.667595","95","0","store"
"1601","2024-12-30","03:38:15","Krung Thep Maha Nakhon","Thailand","13.742820089779384","100.50247597964082","174","10.367","73.667595","95","0","store"
"1602","2024-12-29","01:03:21","Krung Thep Maha Nakhon","Thailand","13.742823562075174","100.5024971524844","205","11.2155","72.56136","100","0","store"
"1603","2024-12-29","01:12:22","Krung Thep Maha Nakhon","Thailand","13.742820739746094","100.5024971524844","205","11.1154995","74.565605","100","0","clothing_store"
"1606","2025-09-12","03:03:29","Provincia de Lima","Peru","-12.124542599527226","-77.02570535292021","419","19.2435","61.222145","0","0","store"
"1607","2025-09-12","09:42:16","Provincia de Lima","Peru","-12.124542573091606","-77.02570531942985","419","20.3435","56.62125","13","0","store"
"1609","2025-06-30","23:15:07","Salta","Argentina","-24.779671","-65.406801","39","26.882","83.41267","99","0","store"
"1610","2025-07-01","20:43:48","Salta","Argentina","-24.779693603976916","-65.40677974413205","39","25.532","86.60506","78","0","lodging"
"1611","2025-04-08","13:22:13","Tokyo","Japan","35.6941321","139.7044182","691","18.454498","73.3765","0","0","sublocality_level_4"
"1612","2025-03-09","08:43:28","Lao Cai","Vietnam","22.337492313470676","103.8245076652468","434","21.066","74.77536","92","0","spa"
"1614","2025-02-15","05:38:33","Hue City","Vietnam","16.45213535739938","107.54508656789784","43","11.274","45.85921","13","0","place_of_worship"
"1615","2025-02-15","05:40:32","Thanh pho Hue","Vietnam","16.452169348118733","107.54672393389043","43","11.124","48.19736","31","0","parking"
"1618","2025-01-07","01:59:34","Phayao","Thailand","19.352447509765625","100.51176699638678","194","11.6475","71.89725","100","0","lodging"
"1621","2025-01-17","03:07:52",NULL,"Thailand","9.53826083250149","99.93009378110888","728","12.6825","62.84414","0","0","transit_station"
"1622","2025-01-17","02:56:26",NULL,"Thailand","9.538404442498251","99.9308387348914","728","11.9825","65.801094","0","0","transit_station"
"1623","2025-05-12","01:49:18",NULL,"Singapore","1.2827703","103.8436485","165","26.178","64.58265","99","0","food"
"1629","2025-07-17","14:49:05","Bolivar","Colombia","10.404761275241588","-75.55354282841449","37","23.87","98.21034","100","0","health"
"1630","2025-07-05","14:08:36","Jujuy","Argentina","-24.1851566430536","-65.32787880520024","39","22.231998","92.92483","97","0","clothing_store"
"1631","2025-07-01","05:14:24","Salta","Argentina","-24.779686571425756","-65.40678791965134","39","26.882","83.41267","99","0","store"
"1632","2025-04-16","05:09:50","Tokyo","Japan","35.679096","139.767693","693","15.4835","64.78524","0","0","sublocality"
"1633","2025-03-22","00:31:17","Fukuoka","Japan","33.589630126953125","130.43112716675904","1004","20.384","62.29598","55","0","political"
"1634","2025-03-20","20:25:56","Fukuoka","Japan","33.589630126953125","130.4311212198096","1004","20.384","62.29598","55","0","transit_station"
"1641","2025-01-13","12:37:36","Chang Wat Surat Thani","Thailand","9.530986895213218","100.0615883372145","728","8.8325","75.73473","0","0","lodging"
"1642","2025-01-21","04:31:10","Wilayah Persekutuan Kuala Lumpur","Malaysia","3.137594223022461","101.6877294058923","308","12.5405","83.33527","25","0","transit_station"
"1643","2025-01-21","05:16:29","Federal Territory of Kuala Lumpur","Malaysia","3.137655258178711","101.6874582008593","308","12.5405","83.33527","25","0","subway_station"
"1644","2025-06-30","23:44:26","Salta","Argentina","-24.77967116097641","-65.40680145029414","39","26.882","83.41267","99","0","store"
"1645","2025-06-30","20:14:42","Salta","Argentina","-24.77967162692257","-65.4068010142953","39","29.182","66.41663","97","0","store"
"1646","2025-06-26","22:43:26","Ciudad Autonoma de Buenos Aires","Argentina","-34.57678790305403","-58.43780769121403","19","25.254","95.62297","100","0","store"
"1647","2025-06-13","15:27:04","Ciudad Autonoma de Buenos Aires","Argentina","-34.57724153654563","-58.42964206778135","19","25.154","93.07306","100","0","supermarket"
"1648","2025-06-13","15:36:18","Ciudad Autonoma de Buenos Aires","Argentina","-34.577351158309504","-58.42970235406844","19","25.154","93.07306","100","0","transit_station"
"1649","2025-04-05","14:00:30","Tokyo","Japan","35.66006771986729","139.6981046194314","691","20.254501","66.89352","0","0","sublocality"
"1650","2025-05-02","15:02:30","Taoyuan City","Taiwan","25.08180979950724","121.23698915124302","66","23.164","90.45113","99","0","airport"
"1651","2025-05-02","15:06:36","Taoyuan City","Taiwan","25.081832885742188","121.23695415910952","8","27.9705","68.02125","100","0","airport"
"1654","2024-12-28","09:57:23","Bangkok","Thailand","13.726792245095735","100.51067506965776","205","13.9655","95.23895","100","0","food"
"1655","2024-12-28","08:48:24","Krung Thep Maha Nakhon","Thailand","13.726534","100.510432","205","14.7155","93.428314","5","0","store"
"1656","2025-01-10","12:22:22","Chang Wat Phuket","Thailand","8.108994595576712","98.30665756354158","194","11.5975","61.939606","0","0","cafe"
"1657","2025-05-13","02:52:50","Queensland","Australia","-16.914580680553396","145.77241690933528","165","23.878","74.30439","100","0","store"
"1658","2025-05-23","13:35:34","New South Wales","Australia","-33.867238563235006","151.11565578180603","0","26.5","78.71044","100","0","hair_care"
"1661","2025-05-18","03:55:57","Victoria","Australia","-38.53870633333334","143.9764276666667","53","27.356","65.43579","87","0","park"
"1662","2025-08-05","02:36:12","Galapagos Province","Ecuador","-0.9001348300439191","-89.607215599475","7","30.6635","49.86929","39","0","taxi_stand"
"1663","2025-08-04","07:21:50","Galapagos Province","Ecuador","-0.9001356287020259","-89.60721491728006","7","30.6635","49.86929","39","0","taxi_stand"
"1666","2025-04-08","02:27:23","Tokyo","Japan","35.698052602338635","139.7866958453497","693","17.4335","64.99518","0","0","finance"
"1667","2025-04-05","00:38:44","Tokyo","Japan","35.6985697","139.7871772","693","17.4335","64.99518","0","0","sublocality_level_4"
"1668","2025-04-16","04:36:41","Tokyo","Japan","35.67731108708704","139.76541311779198","691","20.254501","66.89352","0","0","sublocality_level_4"
"1669","2025-03-31","01:16:59","Tokyo","Japan","35.6658399","139.7710359","693","22.3835","51.781166","86","0","store"
"1670","2025-03-31","01:03:17","Tokyo","Japan","35.66551420560806","139.77009533578254","693","22.5835","50.8198","9","0","sublocality"
"1671","2025-04-05","14:06:28","Tokyo","Japan","35.6604803","139.6988478","693","21.1835","57.016617","3","0","sublocality_level_4"
"1673","2025-04-26","04:30:23","Hong Kong Island","Hong Kong","22.281126598153183","114.15351494489268","128","27.018","77.59925","100","0","art_gallery"
"1676","2025-04-26","07:42:35","Hong Kong Island","Hong Kong","22.27729797363281","114.16392755658023","128","27.467999","76.26851","2","0","restaurant"
"1677","2025-02-14","04:24:12","Thanh pho Hue","Vietnam","16.466903686523438","107.58387618467428","35","4.726","82.95159","0","0","bus_station"
"1684","2025-08-11","23:13:33","Islas Galapagos","Ecuador","-0.9565936929906844","-90.96424294239766","62","22.646","67.81357","100","0","restaurant"
"1686","2025-06-30","20:14:40","Salta","Argentina","-24.779672","-65.406801","39","30.882","56.841972","100","0","store"
"1687","2025-06-30","18:12:21","Salta","Argentina","-24.779672089929083","-65.4068005969477","39","30.882","56.841972","100","0","store"
"1688","2025-03-21","14:25:29","Fukuoka","Japan","33.5895857","130.4309742","1004","19.284","66.91029","91","0","sublocality"
"1689","2025-03-21","12:56:32","Fukuoka","Japan","33.589527","130.430993","1004","19.284","66.91029","91","0","political"
"1690","2024-11-20","10:18:56","Seoul","South Korea","37.5639641","126.9828829","205","6.5155","77.23465","100","0","store"
"1696","2025-03-30","08:05:08","Tokyo","Japan","35.67235581796207","139.7655220720002","693","20.783499","59.401978","0","0","shopping_mall"
"1698","2025-01-23","11:53:11","Selangor","Malaysia","2.7522284076524204","101.70518824308049","16","13.1835","86.23369","37","0","airport"
"1701","2025-05-23","12:32:27","New South Wales","Australia","-33.86733714436933","151.11585103717735","0","26.45","79.18296","94","0","hair_care"
"1702","2025-03-16","15:29:13","California","United States","33.877379","-117.87922","334","26.316","51.79523","100","0","restaurant"
"1703","2025-09-09","22:18:41","Provincia de Lima","Peru","-12.124519","-77.025695","419","14.893499","56.783142","65","0","cafe"
"1704","2025-09-09","22:24:57","Provincia de Lima","Peru","-12.124518549755118","-77.02569488393807","419","14.893499","56.783142","65","0","store"
"1705","2025-08-19","00:59:12","Cuzco","Peru","-13.518223352646226","-71.98643021898535","1146","15.1875","73.52661","98","0","school"
"1706","2025-03-21","15:11:40","Fukuoka","Japan","33.589662712112826","130.4311105420797","1004","20.384","62.29598","55","0","subway_station"
"1707","2025-04-27","12:41:32","Kowloon","Hong Kong","22.301925659179688","114.17654217457984","128","27.918","74.288864","57","0","museum"
"1717","2025-08-07","01:45:06","Galapagos Province","Ecuador","-0.9010999732232128","-89.61016464254206","7","29.1135","60.57594","87","0","store"
"1718","2025-08-17","03:09:23","Cuzco","Peru","-13.51813733959142","-71.98643847943474","62","26.845999","64.124115","77","0","school"
"1719","2025-03-31","12:59:12","Tokyo","Japan","35.65784818500815","139.70318912855956","693","17.4335","64.99518","0","0","sublocality"
"1720","2025-03-31","12:40:56","Tokyo","Japan","35.65711922468633","139.70245408509615","693","17.9835","64.04489","0","0","political"
"1721","2025-03-23","10:52:01","Kagoshima","Japan","31.588449","130.551553","1004","18.284","68.0314","55","0","transit_station"
"1723","2025-04-26","04:56:37","Hong Kong Island","Hong Kong","22.28167724609375","114.15414583336776","128","27.018","77.59925","100","0","home_goods_store"
"1724","2025-04-26","05:08:27","Hong Kong Island","Hong Kong","22.281326293945312","114.15421861846488","128","27.018","77.59925","100","0","food"
"1725","2025-04-27","06:55:03","Hong Kong Island","Hong Kong","22.281978538919223","114.1528267289557","128","28.268","69.12569","69","0","bar"
"1726","2025-03-10","21:33:01","Ha Noi","Vietnam","21.214551525322328","105.80371075078158","13","30.530499","39.55073","0","0","airport"
"1735","2025-05-23","13:14:46","New South Wales","Australia","-33.86730887960671","151.1157350752823","0","26.5","78.23354","50","0","hair_care"
"1738","2025-07-06","00:03:37","Jujuy","Argentina","-24.185153702478697","-65.32787797402503","37","26.970001","77.12285","99","0","clothing_store"
"1739","2025-07-06","01:06:36","Jujuy","Argentina","-24.185153706820973","-65.3278779791958","37","22.470001","90.68198","99","0","store"
"1743","2025-04-26","07:11:09","Hong Kong Island","Hong Kong","22.27774339184187","114.15957440313284","128","27.317999","76.2454","97","0","travel_agency"
"1747","2025-01-06","22:12:54","Chang Wat Phayao","Thailand","19.353530883789062","100.51173026223265","194","11.6475","71.89725","100","0","lodging"
"1749","2025-04-21","15:01:18","Hu Nan Sheng","China","29.3463845","110.5464207","129","23.874498","70.01385","2","0","lodging"
"1751","2025-05-13","03:27:08","Queensland","Australia","-16.914597930215013","145.7724452826097","165","23.977999","75.25254","100","0","cafe"
"1753","2025-05-20","02:19:15","Victoria","Australia","-37.8069667","144.959684","0","26.4","73.585144","16","0","food"
"1755","2025-05-18","03:50:14","Victoria","Australia","-38.539154052734375","143.97552465565002","53","27.356","65.43579","87","0","movie_theater"
"1759","2025-08-05","03:13:05","Galapagos Province","Ecuador","-0.9001577503226935","-89.60714671633323","7","29.6635","60.700344","12","0","taxi_stand"
"1762","2025-04-08","14:18:13","Tokyo","Japan","35.693823","139.701533","691","16.1545","81.33565","0","0","sublocality_level_4"
"1763","2025-04-08","06:48:20","Tokyo","Japan","35.693183","139.703316","691","18.454498","73.3765","0","0","sublocality"
"1764","2025-04-05","14:13:23","Tokyo","Japan","35.65891146723475","139.70129095673337","693","22.3335","48.939262","0","0","political"
"1765","2025-03-31","11:33:48","Tokyo","Japan","35.658710201854106","139.70168529303697","693","22.5835","50.8198","9","0","train_station"
"1767","2025-03-10","22:15:55","Ha Noi","Vietnam","21.21498121275388","105.80386452039455","13","29.8305","42.24134","0","0","transit_station"
"1768","2025-03-10","22:13:10","Ha Noi","Vietnam","21.21533203125","105.8042790825082","434","15.016","95.276764","0","0","transit_station"
"1777","2025-09-08","04:12:41","Ancash","Peru","-9.529025855389628","-77.5256869931598","727","24.722","47.51879","18","0","restaurant"
"1778","2025-07-05","14:41:03","Jujuy","Argentina","-24.18515659938046","-65.32787874615025","39","22.282","92.3583","100","0","store"
"1779","2025-07-05","14:38:50","Jujuy","Argentina","-24.185156619690662","-65.32787877361146","39","22.282","92.3583","100","0","clothing_store"
"1782","2025-04-10","11:26:44","Tochigi","Japan","36.762088","139.617605","691","23.004501","50.597336","20","0","lodging"
"1783","2025-04-10","23:10:34","Tochigi","Japan","36.762013030446944","139.61765148714366","691","23.204498","50.650246","10","0","lodging"
"1784","2024-11-20","10:23:45","Seoul","South Korea","37.563734","126.984531","205","6.5155","75.33984","40","0","cafe"
"1785","2024-11-20","10:33:41","Seoul","South Korea","37.563848","126.984996","205","6.5155","75.33984","40","0","store"
"1788","2024-12-29","07:04:30","Krung Thep Maha Nakhon","Thailand","13.764396667480469","100.49672858506364","174","10.766999","73.73918","100","0","school"
"1793","2025-09-08","01:31:10","Ancash","Peru","-9.52916828815347","-77.52557092643484","46","28.082499","55.641953","42","0","food"
"1799","2025-04-27","12:27:36","Kowloon","Hong Kong","22.29461370386124","114.1734763674686","128","27.618","74.01445","29","0","restaurant"
"1804","2025-01-10","04:30:49","Chang Wat Phuket","Thailand","7.821323394775391","98.30100021848018","194","13.747499","56.100163","37","0","doctor"
"1805","2025-01-10","04:20:42","Chang Wat Phuket","Thailand","7.821305455950664","98.3009031463258","194","12.497499","56.764713","27","0","doctor"
"1807","2025-01-23","05:32:36","Wilayah Persekutuan Kuala Lumpur","Malaysia","3.155822542032183","101.70016663888912","16","14.6835","80.07546","7","0","transit_station"
"1808","2025-01-23","11:56:30","Selangor","Malaysia","2.752216962269246","101.70520530734834","16","14.1335","81.33887","100","0","airport"
"1809","2025-01-23","11:45:11","Selangor","Malaysia","2.75221","101.705217","16","13.6335","84.021324","46","0","airport"
"1812","2025-07-31","07:35:50","Pichincha","Ecuador","-0.185578","-78.481561","56","22.9995","92.68071","100","0","restaurant"
"1813","2025-04-11","00:07:36","Tochigi","Japan","36.76191801118429","139.61763195317607","691","23.1045","53.521324","9","0","lodging"
"1814","2025-04-27","06:45:38","Hong Kong Island","Hong Kong","22.282000201225607","114.1528113383058","128","28.268","69.12569","69","0","bar"
"1815","2025-04-27","06:47:46","Hong Kong Island","Hong Kong","22.282012939453125","114.15280136930303","128","28.268","69.12569","69","0","bar"
"1817","2025-02-25","01:40:34","Thanh pho Hue","Vietnam","16.339874267578125","107.95387668910053","5","24.8195","59.208622","0","0","health"
"1820","2025-01-30","08:42:21","Rajasthan","India","26.92367553710937","75.8235952205131","0","6.65","51.303673","100","0","store"
"1821","2025-01-30","08:46:59","Rajasthan","India","26.92369079589844","75.82348102741935","0","5.75","54.588478","100","0","store"
"1825","2025-08-21","15:07:34","Cuzco","Peru","-13.51818938883871","-71.98643599016722","62","34.696003","32.948593","19","0","school"
"1826","2025-03-26","14:37:36","Oita","Japan","33.27925343979014","131.49893850580034","403","21.387999","63.956818","9","0","political"
"1827","2024-11-26","02:08:42",NULL,"South Korea","35.81691607945639","127.15182986689834","205","16.2155","92.90273","100","3","lodging"
"1831","2025-01-20","06:38:07","Wilayah Persekutuan Kuala Lumpur","Malaysia","3.148551","101.713484","308","7.0905","99.99999","100","0","transit_station"
"1834","2025-09-10","10:05:27","Provincia de Lima","Peru","-12.124517911828145","-77.0256952096015","419","21.6435","38.08349","0","0","cafe"
"1836","2025-07-01","22:46:17","Salta","Argentina","-24.779693833516035","-65.40677981269589","39","23.532","88.561516","100","0","lodging"
"1837","2025-03-30","09:23:40","Tokyo","Japan","35.67008","139.763749","693","20.783499","59.401978","0","0","sublocality"
"1838","2025-03-30","09:15:05","Tokyo","Japan","35.67027269241463","139.76341175174306","693","20.783499","59.401978","0","0","sublocality"
"1839","2025-03-23","15:34:31","Kagoshima","Japan","31.58847045898437","130.55164812977995","1004","14.834001","72.48788","56","0","sublocality_level_4"
"1840","2025-04-26","15:37:28","Kowloon","Hong Kong","22.303268432617188","114.17468928576996","129","20.5245","79.09043","17","0","cafe"
"1842","2025-03-05","12:04:40","Ninh Binh","Vietnam","20.263553","105.965062","313","22.3995","79.85164","9","0","food"
"1846","2025-01-17","21:58:28","Chang Wat Krabi","Thailand","8.066472212287776","98.91537541438797","44","9.058","93.45692","15","0","restaurant"
"1853","2025-03-21","19:25:26","Fukuoka","Japan","33.58966064453125","130.4311166563278","1004","20.384","62.29598","55","0","political"
"1854","2025-03-25","20:58:51","Kumamoto","Japan","32.91472568967373","130.9726477050738","403","16.338","77.46151","0","0","lodging"
"1856","2025-02-25","11:10:42","Da Nang","Vietnam","16.055097681874138","108.20332412274868","5","31.0195","41.76304","2","0","airport"
"1859","2025-03-20","23:25:54","Fukuoka","Japan","33.58966064453125","130.43112085985723","1004","20.384","62.29598","55","0","restaurant"
"1860","2025-03-20","18:25:46","Fukuoka","Japan","33.58965952940059","130.43111927573338","1004","20.384","62.29598","55","0","subway_station"
"1861","2025-04-26","14:48:56","Kowloon","Hong Kong","22.30342102050781","114.160463776461","128","27.668","74.02277","14","0","transit_station"
"1863","2024-11-24","20:10:46",NULL,"South Korea","35.816905","127.151899","205","17.6655","93.27479","100","0","lodging"
"1864","2025-02-20","04:10:05","Da Nang","Vietnam","16.062408447265625","108.24625226806803","5","25.9195","55.107883","1","0","spa"
"1865","2025-05-11","16:33:34",NULL,"Singapore","1.282736","103.843673","7","25.327002","67.70893","100","0","bakery"
"1866","2025-03-16","18:10:35","California","United States","33.87744931593463","-117.87921144682592","334","26.366001","50.658966","96","0","food"
"1867","2025-03-16","18:08:24","California","United States","33.87744140625","-117.87921114310106","334","26.366001","50.658966","96","0","food"
"1868","2025-03-18","13:15:01","California","United States","33.8756457","-117.8696872","334","23.466","65.44071","23","0","transit_station"
"1869","2024-11-14","18:17:22","California","United States","37.617219","-122.391749","205","3.5655","96.87442","0","0","subway_station"
"1870","2025-08-05","08:41:07","Galapagos Province","Ecuador","-0.9001577614989826","-89.60714671263418","7","29.1135","60.57594","87","0","taxi_stand"
"1871","2025-09-12","00:03:18","Provincia de Lima","Peru","-12.124517983861338","-77.02569501918803","419","17.0935","51.418518","11","0","store"
"1872","2025-08-25","02:27:37","Cuzco","Peru","-13.518050290372903","-71.98647702023258","62","22.146","82.60815","56","0","school"
"1873","2025-07-01","12:49:15","Salta","Argentina","-24.77968663217465","-65.40678792602189","39","26.432","84.11944","100","0.2","store"
"1874","2025-07-02","03:35:08","Salta","Argentina","-24.779693851426604","-65.4067798492607","39","23.532","88.561516","100","0","lodging"
"1875","2025-04-27","10:15:38","Kowloon","Hong Kong","22.29358002307209","114.16907075823794","128","27.567999","75.59422","9","0","transit_station"
"1876","2025-04-26","12:19:47","Kowloon","Hong Kong","22.29600524902344","114.16965703115456","128","27.567999","75.59422","9","0","transit_station"
"1882","2025-04-22","14:57:48","Hu Nan Sheng","China","29.34644255527748","110.54665064511664","129","23.874498","70.01385","2","0","lodging"
"1883","2025-04-22","16:42:00","Hu Nan Sheng","China","29.34650447665742","110.54658551088892","129","25.474499","68.80139","1","0","lodging"
"1888","2025-03-05","12:09:10","Ninh Binh","Vietnam","20.26351928710937","105.96793661283182","313","21.6995","82.29664","23","0","food"
"1891","2025-01-18","02:10:09","Chang Wat Krabi","Thailand","8.066566467285156","98.91549498553148","44","9.808","94.76484","1","0","hospital"
"1892","2025-01-18","00:43:28","Chang Wat Krabi","Thailand","8.066474914550781","98.91539016848408","44","8.408","94.064064","0","0","restaurant"
"1893","2025-01-18","03:11:30","Chang Wat Krabi","Thailand","8.066474914550781","98.91539836593394","44","7.0080004","97.96322","0","0","food"
"1895","2025-01-22","11:23:22","Wilayah Persekutuan Kuala Lumpur","Malaysia","3.1453844073848662","101.69797753544884","308","8.5905","98.65501","78","0","store"
"1898","2025-04-21","12:33:00","Hu Nan Sheng","China","29.3464577","110.5464749","129","24.3245","70.098785","0","0","lodging"
"1899","2025-05-23","13:23:27","New South Wales","Australia","-33.86725021899377","151.11570739329753","0","26.35","79.89375","98","0","hair_care"
"1901","2025-03-18","12:39:29","California","United States","33.875639","-117.8697103","334","23.466","65.44071","23","0","transit_station"
"1902","2025-08-12","10:22:18","Galapagos Province","Ecuador","-0.956551","-90.964243","62","25.896","58.343887","98","0","food"
"1904","2025-07-15","02:22:45","Callao","Peru","-12.028916732175594","-77.116292380675","37","24.070002","98.50888","100","0.1","airport"
"1905","2025-07-15","00:17:52","Callao","Peru","-12.028743775098052","-77.116425788751","37","24.070002","98.50888","100","0.1","airport"
"1907","2025-04-05","12:40:34","Tokyo","Japan","35.662123165090364","139.69911282388244","691","20.254501","66.89352","0","0","sublocality_level_4"
"1908","2025-03-21","11:24:59","Fukuoka","Japan","33.58966064453125","130.43112304579927","1004","20.384","62.29598","55","0","sublocality_level_4"
"1909","2025-03-20","22:40:35","Fukuoka","Japan","33.589661112447075","130.43112316458712","1004","20.384","62.29598","55","0","subway_station"
"1910","2024-11-26","02:04:06","Jeonbuk State","South Korea","35.81689453125","127.15192972739852","205","18.515501","90.41131","100","0.9","lodging"
"1911","2025-03-04","11:45:56","Ninh Binh","Vietnam","20.259962843717823","105.97042863683777","313","21.6995","82.29664","23","0","store"
"1915","2025-01-18","02:55:41","Chang Wat Krabi","Thailand","8.066481149380966","98.91539836593394","44","6.858","100","100","0","food"
"1921","2025-07-01","22:57:28","Salta","Argentina","-24.779693839618016","-65.40677984842856","39","24.432","88.90381","100","0","lodging"
"1922","2025-07-01","22:55:07","Salta","Argentina","-24.7796938420307","-65.40677986255714","39","24.432","88.90381","100","0","lodging"
"1923","2025-02-26","06:51:15","Ha Noi","Vietnam","21.02796722564552","105.83582616744133","13","26.4805","46.014973","0","0","transit_station"
"1924","2025-03-10","20:02:01","Ha Noi","Vietnam","21.20319541903052","105.8323485651248","434","15.016","95.276764","0","0","transit_station"
"1928","2025-01-22","12:33:06","Wilayah Persekutuan Kuala Lumpur","Malaysia","3.14454","101.695567","308","8.5905","98.65501","78","0","store"
"1929","2025-01-22","11:26:05","Wilayah Persekutuan Kuala Lumpur","Malaysia","3.145031704376915","101.69657093492324","308","8.3405","97.32076","46","0","cafe"
"1930","2025-03-16","16:13:04","California","United States","33.877502","-117.879112","334","26.316","51.79523","100","0","restaurant"
"1931","2025-08-28","04:38:25","Cuzco","Peru","-13.15360533749728","-72.52332297116696","1146","13.1375","54.781013","6","0","restaurant"
"1932","2025-08-23","06:38:31","Cuzco","Peru","-13.518148001239927","-71.98646148172425","62","32.396","42.4042","100","0","school"
"1933","2025-04-08","17:42:34","Tokyo","Japan","35.69889436966529","139.78981361715793","693","18.533499","62.284252","0","0","political"
"1934","2025-04-27","20:42:14","Kowloon","Hong Kong","22.303358271516696","114.17485156857924","128","26.967999","76.655685","18","0","transit_station"
"1935","2025-04-29","03:05:26","Kowloon","Hong Kong","22.3033447265625","114.17487362340285","66","29.114","65.99969","94","0","transit_station"
"1936","2025-04-29","03:10:19","Kowloon","Hong Kong","22.30334955092859","114.17487362340285","66","29.864","60.005703","99","0","transit_station"
"1939","2025-02-25","14:57:13","Da Nang","Vietnam","16.053872576285453","108.20253344662537","13","29.8305","42.24134","0","0","airport"
"1942","2025-01-18","01:25:05","Chang Wat Krabi","Thailand","8.06647959061196","98.91539590738054","44","7.408","96.30563","0","0","restaurant"
"1943","2025-01-18","01:42:27","Chang Wat Krabi","Thailand","8.066480940687839","98.91539653554786","44","6.358","100","98","0","restaurant"
"1944","2025-05-13","02:42:02","Queensland","Australia","-16.914607248109064","145.7724662585992","165","23.878","74.30439","100","0","restaurant"
"1945","2025-05-20","04:39:49","Victoria","Australia","-37.8180559194028","144.96862169458822","0","26.55","76.59195","48","0","art_gallery"
"1946","2025-05-20","03:43:29","Victoria","Australia","-37.816996516845705","144.9693556347897","0","26.55","76.59195","48","0","health"
"1947","2025-09-09","20:04:32","Provincia de Lima","Peru","-12.124518746526965","-77.02569426597871","419","14.143499","58.380985","45","0","store"
"1948","2025-09-09","19:28:44","Provincia de Lima","Peru","-12.124518856572417","-77.02569430326268","419","14.143499","58.380985","45","0","food"
"1949","2025-07-01","13:44:05","Salta","Argentina","-24.779686637539022","-65.40678792251195","39","26.432","84.11944","100","0.2","store"
"1950","2025-07-01","12:35:05","Salta","Argentina","-24.779686649294582","-65.40678793704106","39","26.432","84.11944","100","0.2","store"
"1951","2025-03-23","13:19:40","Kagoshima","Japan","31.588424643247198","130.55190797334342","1004","16.634","67.021225","0","0","sublocality_level_4"
"1952","2025-05-01","11:55:36","Taipei City","Taiwan","25.082998371997935","121.52431260876196","66","26.464","74.50272","100","0","lodging"
"1953","2025-04-27","22:51:46","Kowloon","Hong Kong","22.30332946777344","114.17485423532798","128","26.118","79.86262","2","0","transit_station"
"1954","2025-04-27","22:46:48","Kowloon","Hong Kong","22.303340011671835","114.17485423532798","128","26.618","78.72706","1","0","transit_station"
"1957","2025-07-18","10:27:32","Quindio","Colombia","4.635258247894816","-75.57065084422818","38","31.7635","53.01468","100","0","lodging"
"1960","2025-08-11","13:06:10","Galapagos Province","Ecuador","-0.956553","-90.964244","7","26.563501","58.50219","46","0","food"
"1961","2025-08-05","07:00:23","Galapagos Province","Ecuador","-0.9001577576175798","-89.60714671660023","7","29.0135","59.995792","92","0","taxi_stand"
"1962","2025-08-05","07:31:35","Galapagos Province","Ecuador","-0.9001577589008469","-89.60714671529178","7","29.0135","59.995792","92","0","taxi_stand"
"1963","2025-07-20","09:35:27","Quindio","Colombia","4.63520871283771","-75.57060733560982","38","31.0135","54.14667","100","0","lodging"
"1964","2025-03-21","12:34:01","Fukuoka","Japan","33.58966064453125","130.43112583317122","1004","21.234001","55.365856","87","0","restaurant"
"1965","2025-03-21","14:47:22","Fukuoka","Japan","33.58966161220515","130.43112570901752","1004","21.234001","55.365856","87","0","sublocality_level_4"
"1966","2025-03-25","15:33:15","Kumamoto","Japan","32.91482428895228","130.97269083557492","403","16.338","77.46151","0","0","health"
"1967","2025-03-22","22:26:26","Kagoshima","Japan","31.58852054140242","130.55176101471403","1004","16.634","67.021225","0","0","parking"
"1968","2025-03-05","09:54:06","Ninh Binh","Vietnam","20.253090758954777","105.91857496854637","311","27.0125","49.227287","30","0","transit_station"
"1972","2025-02-18","05:13:54","Da Nang","Vietnam","16.0577392578125","108.21710292623274","5","25.9195","55.107883","1","0","store"
"1977","2025-01-20","07:44:37","Federal Territory of Kuala Lumpur","Malaysia","3.1486912362444026","101.71295937092692","308","7.0905","99.99999","100","0","store"
"1978","2025-01-20","07:03:26","Federal Territory of Kuala Lumpur","Malaysia","3.1486166944561824","101.71325944905864","308","7.0905","99.99999","100","0","store"
"1979","2025-01-30","10:05:57","Rajasthan","India","26.89947509765625","75.76849105172722","0","7.15","50.50121","100","0","gas_station"
"1981","2025-07-21","07:02:49","Quindio","Colombia","4.635221353805494","-75.57062599960517","38","28.713501","73.97245","100","0","lodging"
"1982","2025-04-05","08:03:27","Tokyo","Japan","35.6618729","139.6987939","693","21.1835","57.016617","3","0","clothing_store"
"1983","2025-03-21","20:25:26","Fukuoka","Japan","33.58966026447734","130.43112728546535","1004","20.984001","51.928623","39","0","political"
"1984","2025-03-21","19:43:14","Fukuoka","Japan","33.58966022221132","130.4311262555394","1004","21.384","50.333614","27","0","sublocality_level_4"
"1987","2025-08-12","01:39:28","Galapagos Province","Ecuador","-0.9565524453974272","-90.96424404399932","62","25.896","58.343887","98","0","restaurant"
"1989","2025-04-05","07:55:12","Tokyo","Japan","35.662288","139.698696","693","21.1835","57.016617","3","0","sublocality"
"1990","2025-04-05","08:02:33","Tokyo","Japan","35.6621291","139.6984397","691","20.254501","66.89352","0","0","political"
"1994","2025-05-13","03:07:02","Queensland","Australia","-16.91460806308963","145.77247618802147","165","23.878","74.30439","100","0","restaurant"
"1995","2025-05-13","02:56:20","Queensland","Australia","-16.914612278855333","145.77247549584345","165","23.977999","75.25254","100","0","cafe"
"1997","2025-05-20","06:01:54","Victoria","Australia","-37.81722442690634","144.96579804131957","0","26.55","76.59195","48","0","food"
"1999","2025-03-21","13:51:08","Fukuoka","Japan","33.589663","130.431126","1004","21.234001","55.365856","87","0","subway_station"
"2000","2025-03-02","00:04:57","Ha Noi","Vietnam","21.035378345523824","105.84869130327031","313","22.3995","79.85164","9","0","food"
"2005","2025-01-06","22:34:35","Chang Wat Phayao","Thailand","19.353373","100.51177","194","10.4475","89.82196","100","0.7","lodging"
"2006","2025-01-06","23:07:40","Chang Wat Phayao","Thailand","19.353240966796875","100.51180151829988","194","12.0975","71.73589","100","0","lodging"
"2007","2025-09-11","07:47:10","Provincia de Lima","Peru","-12.124518145294193","-77.02569501170036","419","24.6435","36.402103","1","0","store"
"2008","2025-03-21","17:10:57","Fukuoka","Japan","33.589661606945896","130.4311271157676","1004","21.384","50.333614","27","0","transit_station"
"2012","2025-05-23","13:16:54","New South Wales","Australia","-33.86727230220325","151.1157161329353","0","26.5","78.71044","100","0","hair_care"
"2013","2025-05-23","13:42:16","New South Wales","Australia","-33.86725970320614","151.1157319492562","0","26.5","78.23354","50","0","hair_care"
"2014","2025-05-23","12:45:45","New South Wales","Australia","-33.86724853515625","151.11582118841125","0","26.35","79.89375","98","0","hair_care"
"2015","2025-03-18","15:25:44","California","United States","33.8757019879385","-117.86978679161888","334","21.616001","70.02864","26","0","general_contractor"
"2016","2024-11-14","18:38:35","California","United States","37.617394","-122.391801","205","3.5655","96.87442","0","0","airport"
"2017","2024-11-14","18:35:23","California","United States","37.617373","-122.391905","205","6.2655","79.978645","0","0","transit_station"
"2020","2025-07-21","11:08:37","Quindio","Colombia","4.635251621174228","-75.57062245925898","38","28.713501","73.97245","100","0","lodging"
"2026","2025-08-22","08:48:15","Cuzco","Peru","-13.518136175854597","-71.98649916064836","1146","23.4875","52.239666","9","0","school"
"2031","2025-02-18","11:29:42","Da Nang","Vietnam","16.05243186292911","108.2413236199842","5","25.9195","55.107883","1","0","lodging"
"2032","2025-01-18","02:00:29","Chang Wat Krabi","Thailand","8.066579868911552","98.91545113472","44","9.757999","95.40395","0","0","health"
"2035","2025-01-19","01:59:49","Wilayah Persekutuan Kuala Lumpur","Malaysia","3.148456591010476","101.69671981282484","308","8.4405","96.33537","14","0","transit_station"
"2036","2025-03-16","09:17:06","California","United States","33.877471923828125","-117.87924920838942","334","26.366001","50.658966","96","0","restaurant"
"2038","2025-05-31","13:28:17","Ciudad Autonoma de Buenos Aires","Argentina","-34.60418701171875","-58.37632379083144","19","26.554","87.221344","100","0","lodging"
"2040","2025-02-25","14:37:29","Da Nang","Vietnam","16.053579539910128","108.20261929356502","13","29.8305","42.24134","0","0","airport"
"2046","2025-03-21","15:39:29","Fukuoka","Japan","33.58966218353336","130.43112645535325","1004","21.434","52.21952","49","0","political"
"2047","2025-03-21","12:55:56","Fukuoka","Japan","33.58966262520356","130.43112578851412","1004","21.234001","55.365856","87","0","sublocality"
"2048","2025-02-26","09:42:03","Ha Noi","Vietnam","21.036651611328125","105.8409660386658","13","23.530499","57.776657","1","0","place_of_worship"
"2051","2025-05-22","19:44:11","New South Wales","Australia","-33.867279052734375","151.11587054219865","0","26.55","76.59195","48","0","hair_care"
"2052","2025-08-15","04:36:21","Islas Galapagos","Ecuador","-0.742030286788763","-90.31639096586832","62","30.696","43.432877","5","0","finance"
"2053","2025-08-23","12:45:07","Cuzco","Peru","-13.518139928397003","-71.98647502021365","1146","19.0875","69.54133","100","0","school"
"2054","2025-07-17","13:59:22","Bolivar","Colombia","10.404885","-75.553894","38","30.2635","65.43743","100","0","store"
"2055","2025-03-25","21:09:04","Kumamoto","Japan","32.914764404296875","130.97269163857263","403","19.387999","68.477005","1","0","lodging"
"2056","2025-03-25","20:59:09","Kumamoto","Japan","32.914778","130.9727","403","16.338","77.46151","0","0","health"
"2058","2025-02-10","13:34:44","Quang Binh","Vietnam","17.465686896373352","106.62544002584856","135","1.444","84.05485","0","0","food"
"2059","2025-02-11","11:58:50","Quang Binh","Vietnam","17.465708472105195","106.6257991961136","135","3.444","71.07128","0","0","store"
"2067","2025-08-15","11:00:00","Islas Galapagos","Ecuador","-0.7421105760497574","-90.31643037137655","62","28.796","48.45292","7","0","finance"
"2071","2025-05-01","01:27:18","Taipei City","Taiwan","25.083053588867188","121.52428892379446","66","24.314001","83.11946","76","0","lodging"
"2072","2025-01-05","12:10:55","Chiang Rai","Thailand","19.901123046875","99.82025159544338","194","11.1975","72.0602","100","0","store"
"2073","2025-05-20","09:13:22","Victoria","Australia","-37.815434","144.966476","0","26.55","74.06246","30","0","transit_station"
"2074","2025-05-20","02:56:40","Victoria","Australia","-37.81595068660729","144.9651849599267","0","26.55","74.06246","30","0","store"
"2076","2025-03-15","22:35:35","California","United States","33.877493099936785","-117.87925061031116","334","26.366001","50.658966","96","0","food"
"2077","2025-03-16","18:13:19","California","United States","33.87749043817107","-117.87924920838935","334","26.366001","50.658966","96","0","food"
"2079","2025-05-30","16:33:08","Ciudad Autonoma de Buenos Aires","Argentina","-34.60418701171875","-58.37631634328696","33","26.486","82.616554","19","0.4","lodging"
"2080","2025-06-01","00:51:55","Ciudad Autonoma de Buenos Aires","Argentina","-34.60418701171875","-58.37631959117766","31","26.807001","66.75296","30","0","transit_station"
"2086","2024-12-31","13:26:02","Chiang Mai","Thailand","18.787396","98.988091","194","9.747499","69.081345","0","0","place_of_worship"
"2088","2025-05-20","09:10:20","Victoria","Australia","-37.81301","144.965394","0","26.4","73.585144","16","0","transit_station"
"2090","2025-09-10","09:39:22","Provincia de Lima","Peru","-12.124518103106707","-77.02569519623532","419","19.7435","42.22667","0","0","store"
"2091","2025-04-11","00:29:56","Tochigi","Japan","36.761836036587056","139.6176948073896","691","23.204498","50.650246","10","0","lodging"
"2097","2025-08-15","07:15:13","Islas Galapagos","Ecuador","-0.7421280388316268","-90.31642292225104","62","32.046","39.58893","3","0","finance"
"2098","2025-08-15","09:03:39","Islas Galapagos","Ecuador","-0.7421444784292989","-90.316421845962","62","32.046","39.58893","3","0","finance"
"2101","2025-07-18","07:58:52","Quindio","Colombia","4.635190696172671","-75.57068270603968","38","31.7635","53.01468","100","0","lodging"
"2102","2025-07-20","13:16:27","Quindio","Colombia","4.635181270924705","-75.57066080117094","38","28.713501","73.97245","100","0","lodging"
"2103","2025-05-31","21:58:21","Ciudad Autonoma de Buenos Aires","Argentina","-34.60418701171875","-58.3763133396624","31","29.557001","63.91472","74","0.1","lodging"
"2105","2025-01-01","09:57:09","Chang Wat Chiang Mai","Thailand","18.790268457672685","98.99425918351824","194","8.2975","82.24444","87","0","food"
"2106","2025-05-07","01:54:46","Siem Reap Province","Cambodia","13.349945068359377","103.85729547874804","8","26.7205","67.77522","100","0","pharmacy"
"2107","2025-05-05","12:43:17","Siem Reap Province","Cambodia","13.349878794353254","103.85731703943524","7","24.677","73.29143","87","0","store"
"2108","2025-05-06","03:39:30","Siem Reap Province","Cambodia","13.349876403808594","103.8573151483352","7","24.527","75.341064","13","0","pharmacy"
"2112","2025-02-13","09:01:45","Thanh pho Hue","Vietnam","16.469795616926294","107.59578448653836","35","3.576","87.69702","0","0","food"
"2115","2025-01-10","10:57:58","Chang Wat Phuket","Thailand","8.109089813234176","98.30648322859015","728","8.7825","81.45742","0","0","transit_station"
"2116","2025-05-20","07:37:08","Victoria","Australia","-37.81197716892076","144.964423955442","0","26.55","74.06246","30","0","food"
"2119","2025-08-23","13:16:44","Cuzco","Peru","-13.518139","-71.986481","1146","23.4875","52.239666","9","0","school"
"2122","2025-05-30","07:13:22","Ciudad Autonoma de Buenos Aires","Argentina","-34.60418701171875","-58.37631038608898","33","25.636","86.614746","60","0.3","transit_station"
"2123","2025-05-31","15:43:25","Ciudad Autonoma de Buenos Aires","Argentina","-34.60418701171875","-58.37631215371045","19","30.604","69.35799","100","0.1","lodging"
"2125","2025-03-02","00:09:08","Ha Noi","Vietnam","21.028451033286107","105.85101564168792","313","22.9495","76.032524","9","0","transit_station"
"2126","2025-02-25","13:06:53","Da Nang","Vietnam","16.05347411218134","108.20254433305163","13","29.8305","42.24134","0","0","airport"
"2127","2025-02-25","15:10:28","Da Nang","Vietnam","16.05341245074342","108.20248120523694","13","28.6805","45.14316","0","0","jewelry_store"
"2128","2025-02-19","10:21:50","Quang Nam","Vietnam","15.878472161215646","108.33232048342587","7","34.4565","38.644337","17","0","parking"
"2132","2025-01-03","07:14:10","Chang Wat Chiang Mai","Thailand","18.784817422609784","98.99294207593414","194","8.6975","83.44094","100","0","health"
"2133","2025-03-16","17:32:23","California","United States","33.877474","-117.879202","334","26.016","51.386726","97","0","restaurant"
"2134","2025-09-10","08:16:50","Provincia de Lima","Peru","-12.124518154552549","-77.02569515912492","419","23.1435","35.8528","0","0","food"
"2137","2025-08-22","09:01:01","Cuzco","Peru","-13.518136523797562","-71.98649585059844","1146","23.4875","52.239666","9","0","school"
"2139","2025-08-16","12:25:31","Cuzco","Peru","-13.518133580763186","-71.9864757834317","62","34.696003","32.948593","19","0","school"
"2141","2025-08-16","09:19:32","Cuzco","Peru","-13.518132744358637","-71.98647672602966","62","34.696003","32.948593","19","0","school"
"2142","2025-03-23","08:05:52","Kagoshima","Japan","31.58845937345922","130.5520411536837","1004","14.834001","72.48788","56","0","political"
"2143","2025-04-27","16:56:45","Kowloon","Hong Kong","22.30340501593879","114.17482703515952","128","27.668","74.69941","13","0","bar"
"2145","2025-05-07","03:25:40","Siem Reap Province","Cambodia","13.349929809570312","103.8572862288957","7","24.827002","72.63769","68","0","health"
"2148","2025-08-15","02:34:18","Islas Galapagos","Ecuador","-0.7420240187729813","-90.3164188858857","62","28.796","48.45292","7","0","finance"
"2151","2025-03-22","20:48:35","Kagoshima","Japan","31.5885168686753","130.55198956842872","1004","17.284","68.50436","3","0","parking"
"2153","2025-03-10","16:06:13","Ha Noi","Vietnam","21.203326839695634","105.83240873331292","434","15.016","95.276764","0","0","transit_station"
"2154","2025-05-07","03:23:27","Siem Reap Province","Cambodia","13.349933785111322","103.8572862288957","7","24.677","73.29143","87","0","veterinary_care"
"2155","2025-05-07","03:22:13","Siem Reap Province","Cambodia","13.349934","103.857286","7","24.827002","72.63769","68","0","store"
"2157","2025-06-01","04:28:28","Ciudad Autonoma de Buenos Aires","Argentina","-34.60418701171875","-58.37628569561804","31","25.557001","72.09366","29","0","lodging"
"2158","2025-04-07","11:16:28","Tokyo","Japan","35.698954","139.790101","693","18.533499","62.284252","0","0","sublocality"
"2159","2024-11-23","14:12:08","Seoul","South Korea","37.560455322265625","126.93017060899584","205","14.2655","54.504513","100","0","lodging"
"2160","2025-04-27","02:34:10","Kowloon","Hong Kong","22.303407","114.174826","128","27.918","74.288864","57","0","transit_station"
"2161","2025-04-27","15:42:50","Kowloon","Hong Kong","22.30340727650174","114.17482584677748","128","27.668","74.69941","13","0","bar"
"2163","2025-02-02","02:35:08","Uttar Pradesh","India","27.1636962890625","78.0537212615086","0","4.8","72.38014","5","0","restaurant"
"2165","2025-09-11","23:37:51","Provincia de Lima","Peru","-12.124518047525248","-77.02569509881616","419","21.6435","38.08349","0","0","food"
"2167","2025-08-23","10:16:33","Cuzco","Peru","-13.518143","-71.986497","1146","23.4875","52.239666","9","0","school"
"2168","2024-11-24","21:40:44","Jeonbuk State","South Korea","35.816864013671875","127.15201885842468","205","17.7155","93.27731","100","0","museum"
"2169","2025-01-04","12:34:02","Chang Wat Chiang Rai","Thailand","19.909068","99.834244","194","6.0474997","89.79125","99","0","park"
"2172","2025-05-23","17:54:16","New South Wales","Australia","-33.867309257043374","151.11588245696282","0","26.45","79.18296","94","0","hair_care"
"2174","2025-05-01","01:29:30","Taipei City","Taiwan","25.083066918939306","121.52428892379446","66","24.314001","83.11946","76","0","lodging"
"2175","2025-05-02","02:15:08","Taipei City","Taiwan","25.08306884765625","121.52430259516196","66","25.014","77.77916","100","0","lodging"
"2176","2025-02-26","11:10:15","Ha Noi","Vietnam","21.028926543790465","105.83952125664688","13","24.280499","55.05192","0","0","restaurant"
"2177","2025-05-04","06:30:06","Siem Reap Province","Cambodia","13.34991455078125","103.85731903307556","8","26.6205","70.74423","100","0","store"
"2178","2025-05-04","05:15:59","Siem Reap Province","Cambodia","13.349920668837507","103.85731867748504","8","26.6205","70.74423","100","0","pharmacy"
"2182","2025-09-08","09:47:32","Ancash","Peru","-9.529092832182558","-77.52570225232586","727","18.372002","59.811783","0","0","food"
"2183","2025-09-11","08:23:28","Provincia de Lima","Peru","-12.124518154650907","-77.02569506735497","419","24.6435","36.402103","1","0","food"
"2184","2025-09-11","23:50:54","Provincia de Lima","Peru","-12.124518184631656","-77.02569508042876","419","24.6435","36.402103","1","0","food"
"2185","2025-09-10","09:41:34","Provincia de Lima","Peru","-12.124518163870754","-77.02569518993984","419","19.7435","42.22667","0","0","food"
"2186","2025-05-30","13:58:25","Ciudad Autonoma de Buenos Aires","Argentina","-34.60423959624259","-58.376365060969846","33","26.036","82.06445","100","0","lodging"
"2187","2025-05-31","19:15:39","Ciudad Autonoma de Buenos Aires","Argentina","-34.60418701171875","-58.37630383646248","31","25.357","77.116196","14","0","lodging"
"2188","2025-04-30","23:26:57","Taipei City","Taiwan","25.08307472183166","121.52429526644691","66","25.014","77.77916","100","0","lodging"
"2189","2025-05-02","02:08:54","Taipei City","Taiwan","25.08308231101412","121.52430259516196","66","25.014","77.77916","100","0","lodging"
"2190","2025-03-10","21:08:43","Ha Noi","Vietnam","21.203232786230195","105.83226367055867","434","15.016","95.276764","0","0","transit_station"
"2191","2025-03-10","19:35:43","Ha Noi","Vietnam","21.20324601477365","105.8324387394123","434","15.016","95.276764","0","0","transit_station"
"2192","2025-01-04","11:19:02","Chang Wat Chiang Rai","Thailand","19.908773400930112","99.830800360509","194","6.1475","91.69833","100","0","electronics_store"
"2193","2025-05-05","02:05:31","Siem Reap Province","Cambodia","13.349883150991513","103.85729768885716","7","25.377","73.866066","44","0","store"
"2194","2025-07-20","19:38:56","Quindio","Colombia","4.635164175607396","-75.57056892082373","38","31.0135","54.14667","100","0","lodging"
"2195","2025-05-31","21:29:51","Ciudad Autonoma de Buenos Aires","Argentina","-34.604217529296875","-58.37635484721294","31","24.407","93.035576","90","0","lodging"
"2197","2025-02-11","11:28:43","Quang Binh","Vietnam","17.465262478096747","106.62639798698062","135","4.344","65.50413","0","0","store"
"2199","2025-02-15","11:32:34","Thanh pho Hue","Vietnam","16.468994140625","107.5954967023067","48","9.0415","71.65175","10","0","food"
"2202","2025-05-07","13:43:54","Siem Reap Province","Cambodia","13.349905325636954","103.8573014772446","7","24.827002","72.63769","68","0","health"
"2203","2025-05-23","13:44:27","New South Wales","Australia","-33.86729884370749","151.1158389191501","0","26.5","78.71044","100","0","hair_care"
"2204","2025-05-23","13:57:46","New South Wales","Australia","-33.86731165486969","151.11583590046382","0","26.5","79.18989","95","0","hair_care"
"2208","2025-09-10","07:31:42","Provincia de Lima","Peru","-12.124518179584046","-77.0256952074405","419","23.1435","35.8528","0","0","cafe"
"2209","2025-09-10","07:24:01","Provincia de Lima","Peru","-12.124518189352454","-77.02569522215202","419","24.1435","34.81054","0","0","cafe"
"2210","2025-03-27","14:30:26","Oita","Japan","33.27920636708299","131.4988114992365","403","23.987999","53.226765","0","0","sublocality_level_4"
"2211","2025-03-06","04:43:05","Ninh Binh","Vietnam","20.256088361933376","105.9697283968198","311","22.5625","72.69489","4","0","restaurant"
"2212","2025-03-06","04:57:37","Ninh Binh","Vietnam","20.25609232537161","105.96973401619448","311","23.6625","64.65593","1","0","restaurant"
"2216","2025-01-03","07:36:00","Chang Wat Chiang Mai","Thailand","18.79267296155848","98.99168611076836","194","9.747499","69.081345","0","0","home_goods_store"
"2217","2025-01-03","09:46:44","Chang Wat Chiang Mai","Thailand","18.792205810546875","98.99155948074724","194","7.6974998","86.563545","36","0","cafe"
"2218","2025-01-03","08:42:19","Chang Wat Chiang Mai","Thailand","18.78902","98.991056","194","8.997499","83.76499","97","0","food"
"2219","2024-12-31","13:48:41","Chang Wat Chiang Mai","Thailand","18.788198","98.990789","194","9.747499","69.081345","0","0","bakery"
"2223","2025-09-08","07:46:32","Ancash","Peru","-9.529079330671744","-77.52564761908494","727","30.072","32.10001","100","0","food"
"2227","2024-12-31","15:40:02","Chang Wat Chiang Mai","Thailand","18.786778477965694","98.99313769510437","194","8.6975","83.44094","100","0","food"
"2228","2025-05-07","23:12:40","Siem Reap Province","Cambodia","13.34990692138672","103.8573126767763","8","25.6705","78.11397","100","0","store"
"2229","2025-05-03","17:22:57","Siem Reap Province","Cambodia","13.349910396952206","103.8573107607835","8","26.2205","73.32929","100","0","pharmacy"
"2231","2025-05-20","09:05:59","Victoria","Australia","-37.8122957","144.9634706","0","26.4","73.585144","16","0","restaurant"
"2232","2025-05-20","08:34:39","Victoria","Australia","-37.81255939207496","144.96353765275023","0","26.4","73.585144","16","0","home_goods_store"
"2233","2025-09-08","02:49:50","Ancash","Peru","-9.529208625487978","-77.52554144459104","727","18.722","65.27436","0","0","restaurant"
"2234","2024-11-24","20:40:44","Jeonbuk State","South Korea","35.81689413151596","127.15204531745104","205","17.7155","93.27731","100","0","museum"
"2235","2025-03-02","00:15:56","Ha Noi","Vietnam","21.02870178222656","105.84957802441876","313","26.8495","56.042683","9","0","bar"
"2239","2025-01-10","04:16:48","Phuket","Thailand","7.821087771454872","98.30106570281262","194","16.0975","61.721603","21","0.1","bar"
"2240","2025-08-16","22:23:23","Cuzco","Peru","-13.51809650909477","-71.98645425305156","62","26.845999","64.124115","77","0","school"
"2241","2025-08-16","22:25:25","Cuzco","Peru","-13.51809649418358","-71.98645401566287","62","26.845999","64.124115","77","0","school"
"2242","2025-06-01","11:58:14","Ciudad Autonoma de Buenos Aires","Argentina","-34.60418701171875","-58.37628399736067","31","29.507","63.32171","94","0.1","lodging"
"2243","2025-05-31","18:22:18","Ciudad Autonoma de Buenos Aires","Argentina","-34.60418701171875","-58.37629545998069","31","29.557001","63.91472","74","0.1","lodging"
"2244","2025-06-01","09:59:15","Ciudad Autonoma de Buenos Aires","Argentina","-34.60418701171875","-58.376297454793786","19","29.704","72.16422","99","0","transit_station"
"2245","2025-05-29","09:15:45","Ciudad Autonoma de Buenos Aires","Argentina","-34.60418701171875","-58.37629945411065","31","28.307001","71.267586","92","0.1","transit_station"
"2246","2025-06-01","15:41:27","Ciudad Autonoma de Buenos Aires","Argentina","-34.60418701171875","-58.376300994357024","31","29.907","62.63974","18","0.1","lodging"
"2247","2025-02-28","08:26:06","Ha Noi","Vietnam","21.034383","105.8544","313","26.8495","56.042683","9","0","restaurant"
"2250","2025-04-21","12:48:00","Hu Nan Sheng","China","29.3463781","110.5464927","129","25.474499","68.80139","1","0","lodging"
"2251","2025-01-31","02:06:15","Rajasthan","India","26.899932861328125","75.76852563976347","33","-0.37699997","63.67635","96","0","store"
"2252","2025-05-21","15:07:58","Victoria","Australia","-37.8579373","144.9922698","53","24.406","81.363884","0","0","gym"
"2253","2025-08-11","13:21:16","Galapagos Province","Ecuador","-0.9565526923650568","-90.96424432671188","7","26.463501","58.110977","9","0","food"
"2256","2025-09-08","10:25:06","Ancash","Peru","-9.52907202161482","-77.52566061925474","727","24.622002","44.912193","59","0","food"
"2257","2025-08-28","12:55:19","Cuzco","Peru","-13.153614","-72.523324","46","25.332499","44.812607","1","0","restaurant"
"2258","2025-08-28","12:55:26","Cuzco","Peru","-13.153614069984846","-72.5233235559065","46","25.332499","44.812607","1","0","restaurant"
"2260","2025-01-08","04:53:36","Chang Wat Chiang Rai","Thailand","19.906996","99.832908","194","6.5474997","92.68392","100","0","store"
"2261","2025-01-09","10:04:33","Phuket","Thailand","7.82103656366308","98.30107938903154","194","13.747499","56.100163","37","0","bar"
"2262","2025-02-05","03:20:19","Delhi","India","28.519297","77.212871","0","3.6","66.79788","33","0","store"
"2264","2025-05-21","18:50:26","Victoria","Australia","-37.8603852","144.9918147","0","26.55","76.59195","48","0","health"
"2265","2025-08-28","01:16:33","Cuzco","Peru","-13.153614954381556","-72.52332442955","1146","12.5375","53.10438","1","0","restaurant"
"2266","2025-03-01","06:40:13","Ha Noi","Vietnam","21.030467","105.848563","313","24.0995","70.93997","21","0","travel_agency"
"2268","2025-05-07","23:59:00","Siem Reap Province","Cambodia","13.35004425048828","103.8571863563572","7","24.577002","74.88363","4","0","health"
"2269","2025-05-08","00:23:40","Siem Reap Province","Cambodia","13.350051695044046","103.85718624451806","7","24.527","75.341064","13","0","veterinary_care"
"2271","2025-03-16","15:04:19","California","United States","33.87750244140625","-117.87922217594588","334","26.366001","50.658966","96","0","restaurant"
"2272","2025-08-11","03:41:56","Galapagos Province","Ecuador","-0.956552670220378","-90.96424430883664","7","27.9135","50.899597","99","0","restaurant"
"2273","2025-08-11","02:35:33","Galapagos Province","Ecuador","-0.9565526691663884","-90.9642442664288","7","27.0135","56.082813","100","0","food"
"2274","2025-09-08","03:03:47","Ancash","Peru","-9.529190055424252","-77.52554809275655","46","23.2325","77.033165","100","0","restaurant"
"2275","2025-09-07","11:03:57","Ancash","Peru","-9.529060376567449","-77.5256769059196","727","30.172","31.601423","97","0","food"
"2276","2025-09-08","08:16:30","Ancash","Peru","-9.529050222903024","-77.52567369325045","727","22.672","53.41031","0","0","restaurant"
"2277","2025-02-28","14:07:57","Ha Noi","Vietnam","21.033901687379768","105.85328944921524","313","27.0495","55.038914","12","0","jewelry_store"
"2278","2025-01-04","11:42:51","Chang Wat Chiang Rai","Thailand","19.90910216500265","99.83300586282454","194","6.5474997","92.68392","100","0","restaurant"
"2279","2025-05-21","11:37:39","Victoria","Australia","-37.858125","144.9921438","53","24.456","81.62042","9","0","store"
"2280","2025-07-30","05:53:29","Pichincha","Ecuador","-0.1855983290561998","-78.48156062889569","56","22.9995","92.68071","100","0","food"
"2281","2025-06-01","09:17:14","Ciudad Autonoma de Buenos Aires","Argentina","-34.60418701171875","-58.37628338416146","31","29.607","62.19289","11","0","lodging"
"2282","2025-03-05","16:34:38","Ninh Binh","Vietnam","20.25605773925781","105.96979108337534","313","21.5495","83.054985","16","0","food"
"2283","2025-02-12","14:14:15","Hue City","Vietnam","16.460769653320312","107.59165155955698","35","7.026","75.69496","0","0","restaurant"
"2284","2025-02-12","14:28:13","Hue City","Vietnam","16.46075439453125","107.59146164928082","35","10.226","65.414085","0","0","food"
"2285","2025-02-24","21:45:17","Thanh pho Hue","Vietnam","16.34013272199493","107.95374128945986","5","28.869501","52.120914","3","0","health"
"2286","2025-05-05","01:36:59","Siem Reap Province","Cambodia","13.35003662109375","103.85720549236488","8","27.6705","72.68602","99","0","pharmacy"
"2288","2025-07-17","15:17:01","Bolivar","Colombia","10.404986162485235","-75.55382673382444","38","25.3635","93.36309","100","0","travel_agency"
"2289","2025-03-31","15:16:03","Tokyo","Japan","35.698871","139.789977","693","22.3835","51.781166","86","0","sublocality"
"2290","2025-04-03","04:48:27","Tokyo","Japan","35.69891357421875","139.7899136120812","693","16.8335","66.61797","0","0","sublocality_level_4"
"2295","2025-03-18","05:52:33","California","United States","33.87567715069171","-117.8698189128124","1004","11.984","85.25068","0","0","general_contractor"
"2296","2025-03-18","05:33:15","California","United States","33.87568359697","-117.86980623302544","334","23.066","70.52566","81","0","transit_station"
"2297","2025-06-01","10:06:33","Ciudad Autonoma de Buenos Aires","Argentina","-34.60418701171875","-58.37628211670242","31","28.257","60.756374","33","0","transit_station"
"2298","2025-06-01","08:11:56","Ciudad Autonoma de Buenos Aires","Argentina","-34.60418701171875","-58.37628248754704","33","25.986","83.31121","100","0","lodging"
"2299","2025-04-06","06:18:27","Tokyo","Japan","35.6988525390625","139.78999788245744","691","20.254501","66.89352","0","0","health"
"2300","2025-04-06","06:27:42","Tokyo","Japan","35.698859451363425","139.78999788245744","691","20.254501","66.89352","0","0","health"
"2301","2025-04-08","02:47:25","Tokyo","Japan","35.698882","139.789964","691","22.504501","56.23217","0","0","sublocality_level_4"
"2302","2025-04-08","20:58:35","Tokyo","Japan","35.698882106499326","139.78996395256002","691","22.504501","56.23217","0","0","sublocality"
"2303","2025-04-07","09:38:19","Tokyo","Japan","35.698883056640625","139.78994448709594","691","21.6545","60.58613","0","0","sublocality_level_4"
"2304","2025-04-03","09:12:30","Tokyo","Japan","35.698883056640625","139.78992782602947","693","17.1835","64.29457","0","0","sublocality"
"2305","2025-04-07","06:59:32","Tokyo","Japan","35.698897","139.789944","691","21.6545","60.58613","0","0","sublocality"
"2306","2025-04-07","09:56:44","Tokyo","Japan","35.698897196384564","139.78994448709594","691","21.6545","60.58613","0","0","sublocality"
"2307","2025-04-03","08:52:45","Tokyo","Japan","35.698908","139.789928","691","12.7545","81.70255","0","0","sublocality_level_4"
"2308","2025-04-03","09:10:01","Tokyo","Japan","35.69890844078358","139.78992782602947","691","12.7545","81.70255","0","0","sublocality"
"2310","2025-02-26","09:49:21","Ha Noi","Vietnam","21.033611","105.83921","13","23.530499","57.776657","1","0","restaurant"
"2312","2025-01-07","11:33:25","Chang Wat Chiang Rai","Thailand","19.9061279296875","99.83109529079812","194","11.0975","97.37786","100","0","bar"
"2313","2025-05-07","23:08:50","Siem Reap Province","Cambodia","13.349900807795786","103.85729905319438","7","24.577002","74.88363","4","0","veterinary_care"
"2314","2025-02-02","03:17:02","Uttar Pradesh","India","27.163589477539062","78.0537541123496","0","3.6","66.79788","33","0","restaurant"
"2315","2025-09-07","12:29:38","Ancash","Peru","-9.529048853270384","-77.52573105127756","46","27.332499","61.688255","11","0","food"
"2316","2025-05-29","10:44:39","Ciudad Autonoma de Buenos Aires","Argentina","-34.60418701171875","-58.37628082108764","19","25.454","87.91622","100","0","lodging"
"2317","2025-06-01","08:05:15","Ciudad Autonoma de Buenos Aires","Argentina","-34.60418701171875","-58.376281386970376","31","26.707","82.39375","62","0","lodging"
"2318","2025-04-03","04:50:29","Tokyo","Japan","35.6989318784535","139.7899136120812","693","16.8335","66.61797","0","0","sublocality_level_4"
"2319","2025-04-03","04:52:07","Tokyo","Japan","35.698932","139.789914","693","16.3835","68.55022","0","0","sublocality"
"2320","2024-11-25","13:34:00","Jeonbuk State","South Korea","35.81690909262424","127.15200681917295","205","18.515501","90.41131","100","0.9","museum"
"2324","2025-01-06","02:02:33","Chang Wat Chiang Rai","Thailand","19.90679931640625","99.82893986267428","194","7.1974998","89.88023","98","0","store"
"2328","2025-03-16","13:05:20","California","United States","33.87750244140625","-117.87919763880916","334","26.016","51.386726","97","0","food"
"2329","2025-03-16","15:28:05","California","United States","33.877528236454296","-117.87922470771576","334","26.316","51.79523","100","0","restaurant"
"2330","2025-07-31","04:04:28","Pichincha","Ecuador","-0.1855696618087237","-78.48157787365044","56","27.5995","82.00653","100","0.1","food"
"2331","2025-04-26","01:52:26","Kowloon","Hong Kong","22.30340576171875","114.17485376568692","128","26.618","77.54037","99","0","bar"
"2332","2025-04-26","21:22:12","Kowloon","Hong Kong","22.30340576171875","114.1748580904994","128","25.868","78.38152","100","0","bar"
"2334","2025-02-17","11:04:42","Quang Nam","Vietnam","15.88860321044922","108.33002133123637","43","7.024","57.188255","42","0","food"
"2339","2025-08-28","00:16:43","Cuzco","Peru","-13.153614899666504","-72.52332496467554","46","19.7825","97.8501","5","0","restaurant"
"2340","2025-08-24","10:30:02","Cuzco","Peru","-13.518067141759026","-71.98645919536801","1146","23.0875","47.07502","69","0","school"
"2341","2025-04-01","13:00:08","Tokyo","Japan","35.69884568909313","139.7900428127419","693","16.4835","67.889015","0","0","sublocality"
"2342","2025-04-01","13:05:50","Tokyo","Japan","35.698846","139.790043","693","17.4335","64.99518","0","0","sublocality_level_4"
"2343","2024-11-23","17:57:59","Seoul","South Korea","37.560509","126.930205","205","14.1655","56.598156","100","0.2","lodging"
"2348","2025-01-24","03:52:25","Kerala","India","9.964108487131783","76.23980608395654","36","14.2535","98.075294","100","0","clothing_store"
"2351","2024-11-25","13:10:43","Jeonbuk State","South Korea","35.81689453125","127.15200681917295","205","18.365501","90.400826","100","0","museum"
"2352","2025-03-06","04:20:47","Ninh Binh","Vietnam","20.256072998046875","105.96979951343424","313","18.4995","92.43593","0","0","food"
"2353","2025-02-28","14:04:21","Ha Noi","Vietnam","21.03271484375","105.8540414598596","313","26.8495","56.042683","9","0","lodging"
"2356","2025-02-14","09:55:18","Thanh pho Hue","Vietnam","16.462722778320312","107.5988816559747","35","5.026","85.98732","0","0","accounting"
"2358","2025-02-21","13:51:58","Quang Nam","Vietnam","15.887596","108.327874","5","30.219501","43.303257","31","0","lodging"
"2359","2025-08-28","00:12:18","Cuzco","Peru","-13.153614573611234","-72.52332476827438","46","22.2325","50.226135","4","0","food"
"2360","2025-08-27","23:56:20","Cuzco","Peru","-13.153614470095278","-72.52332467105101","46","22.2325","50.226135","4","0","food"
"2362","2025-04-01","19:11:50","Tokyo","Japan","35.698822021484375","139.78999243918418","693","19.783499","60.945015","0","0","sublocality_level_4"
"2370","2025-01-13","21:19:46","Chang Wat Surat Thani","Thailand","9.47065851387173","100.04834786790424","728","6.8824997","83.80469","0","0","spa"
"2377","2025-01-03","07:16:11","Chang Wat Chiang Mai","Thailand","18.791243","98.99338","194","9.3975","76.357796","30","0","doctor"
"2378","2025-01-01","14:13:39","Chang Wat Chiang Mai","Thailand","18.79008993479012","98.9932782214527","194","8.997499","83.76499","97","0","store"
"2381","2025-05-23","00:04:42","New South Wales","Australia","-33.86727660519712","151.11582688987147","0","26.5","79.18989","95","0","hair_care"
"2382","2025-05-22","19:28:07","New South Wales","Australia","-33.86727479455431","151.1158349800279","0","26.5","78.23354","50","0","hair_care"
"2383","2025-09-08","04:32:36","Ancash","Peru","-9.529181213639998","-77.52546808992692","727","19.272001","64.54044","0","0","food"
"2384","2025-08-27","16:09:44","Cuzco","Peru","-13.153614785702697","-72.523325265346","1146","12.087501","52.237164","7","0","restaurant"
"2385","2025-08-27","19:14:39","Cuzco","Peru","-13.153614593925404","-72.52332506668951","46","21.0325","55.68111","30","0","food"
"2386","2025-04-11","00:04:20","Tochigi","Japan","36.7617896724323","139.61775149598935","691","23.004501","50.597336","20","0","lodging"
"2387","2025-04-07","17:57:42","Tokyo","Japan","35.698838922802054","139.79001349139588","691","12.7545","81.70255","0","0","political"
"2388","2024-11-25","16:25:36","Jeonbuk State","South Korea","35.816901375854464","127.15199511315768","205","17.4655","92.08403","100","0","museum"
"2392","2025-02-15","07:22:12","Thanh pho Hue","Vietnam","16.463162872636065","107.59460263327792","35","12.626","52.940907","0","0","food"
"2393","2025-02-15","06:09:14","Thanh pho Hue","Vietnam","16.461959838867188","107.59356118022303","35","10.226","65.414085","0","0","school"
"2394","2025-01-10","11:54:15","Chang Wat Phuket","Thailand","8.109123229980469","98.30652577006197","728","8.7825","81.45742","0","0","airport"
"2395","2025-03-26","14:28:10","Oita","Japan","33.27916999220965","131.49900642429276","403","25.237999","46.12719","94","0","political"
"2396","2025-04-26","01:17:52","Kowloon","Hong Kong","22.303437","114.174818","128","26.868","77.34206","100","0","lodging"
"2397","2025-02-14","08:20:01","Thanh pho Hue","Vietnam","16.463531494140625","107.5935540827388","35","7.426","73.9132","0","0","transit_station"
"2398","2025-02-14","08:22:01","Thanh pho Hue","Vietnam","16.463748244967363","107.59359706358612","48","10.6414995","94.16521","100","1.7","home_goods_store"
"2399","2025-05-07","20:12:43","Siem Reap Province","Cambodia","13.34989797074804","103.85729833125188","8","26.2205","73.32929","100","0","health"
"2402","2025-04-10","21:57:30","Tochigi","Japan","36.76179207086668","139.61778326275825","691","23.204498","50.650246","10","0","lodging"
"2403","2025-04-10","22:56:24","Tochigi","Japan","36.76177978515625","139.61777311596165","691","23.1045","53.521324","9","0","lodging"
"2404","2024-11-24","17:59:06","Jeonbuk State","South Korea","35.816844","127.152012","205","17.4655","92.08403","100","0","museum"
"2405","2024-11-24","23:11:15","Jeonbuk State","South Korea","35.81687691914281","127.15207025398183","205","17.4655","90.62655","100","0.1","museum"
"2406","2025-03-04","10:12:39","Ninh Binh","Vietnam","20.2559814453125","105.96975006833858","313","21.6995","82.29664","23","0","food"
"2407","2025-03-06","05:00:37","Ninh Binh","Vietnam","20.25596618652344","105.969705384625","313","22.0495","81.57127","12","0","food"
"2408","2025-02-09","21:57:21","Ho Chi Minh","Vietnam","10.786034154118603","106.69534298817868","31","4.086","93.52974","40","0","food"
"2410","2025-01-30","15:33:42","Rajasthan","India","26.89985656738281","75.7684450399014","33","-0.17699999","55.051254","76","0","doctor"
"2413","2024-11-19","15:25:27","Seoul","South Korea","37.571868896484375","126.98820376894466","205","11.565499","56.32614","4","0","store"
"2416","2025-01-10","12:35:53","Chang Wat Phuket","Thailand","8.109136913211383","98.3065199030394","728","8.4825","79.73881","0","0","transit_station"
"2417","2025-01-10","12:15:15","Chang Wat Phuket","Thailand","8.109130859375","98.30652059290432","728","8.4825","79.73881","0","0","airport"
"2419","2025-05-21","20:25:36","Victoria","Australia","-37.85916223028346","144.992001060125","53","23.956","82.82294","5","0","transit_station"
"2421","2025-02-21","13:57:35","Quang Nam","Vietnam","15.889564325216115","108.3288070164126","10","26.137","63.77229","91","0","restaurant"
"2422","2025-02-19","10:18:29","Quang Nam","Vietnam","15.877609252929688","108.3312971077994","7","34.7065","38.470963","65","0","restaurant"
"2424","2024-12-31","16:28:08","Chang Wat Chiang Mai","Thailand","18.787918090820312","98.99396776475986","194","8.6975","83.44094","100","0","health"
"2425","2025-05-07","23:00:58","Siem Reap Province","Cambodia","13.349895240222082","103.85729878479394","7","25.077002","69.803986","68","0","health"
"2426","2025-05-07","21:43:37","Siem Reap Province","Cambodia","13.349895225260596","103.85729885833324","7","25.077002","69.803986","68","0","health"
"2432","2025-04-08","18:11:29","Tokyo","Japan","35.69882307075691","139.7900390973286","693","16.4835","67.889015","0","0","sublocality_level_4"
"2433","2025-04-05","23:35:44","Tokyo","Japan","35.69883028914359","139.79000782054848","693","19.783499","60.945015","0","0","sublocality"
"2434","2025-04-05","23:26:37","Tokyo","Japan","35.698822021484375","139.79000782054848","693","14.883499","73.718575","0","0","political"
"2435","2024-11-21","15:51:29","Seoul","South Korea","37.572141","126.988298","205","10.7655","61.309277","100","0","health"
"2436","2024-11-19","16:55:23","Seoul","South Korea","37.57188269481853","126.98820403699928","205","8.9655","70.88718","100","0","food"
"2437","2024-11-19","16:25:02","Seoul","South Korea","37.57188010730498","126.98819935676904","205","11.565499","56.32614","4","0","store"
"2438","2025-02-27","13:06:16","Ha Noi","Vietnam","21.03485747093433","105.85115241825424","313","26.3495","59.94281","15","0","beauty_salon"
"2444","2025-04-06","18:41:28","Tokyo","Japan","35.698822710912566","139.79005006527967","693","19.783499","60.945015","0","0","sublocality_level_4"
"2445","2024-11-24","21:56:18","Jeonbuk State","South Korea","35.81689453125","127.15202701939344","205","16.365501","92.01934","100","2.5","museum"
"2446","2024-11-20","22:17:41","Seoul","South Korea","37.5718994140625","126.98821889493622","205","10.2155","68.93598","100","0","store"
"2447","2024-11-23","19:51:31","Seoul","South Korea","37.56047701341492","126.9302402758676","205","15.065499","53.40496","100","0","lodging"
"2448","2025-02-20","08:04:47","Quang Nam","Vietnam","15.876528","108.32866","7","31.2565","52.724945","100","0.2","bakery"
"2451","2025-01-30","01:16:51","Rajasthan","India","26.899810791015625","75.76867015093542","33","3.073","41.78587","39","0","health"
"2452","2025-02-02","22:13:00","Delhi","India","28.519271850585938","77.21282264369476","0","4.6","56.97559","100","0","store"
"2453","2025-02-03","02:00:32","Delhi","India","28.519271850585938","77.21283990365154","0","4.6","56.97559","100","0","store"
"2454","2025-02-03","02:13:06","Delhi","India","28.51927300443021","77.21283990365154","0","4.6","56.97559","100","0","store"
"2455","2025-02-05","04:09:01","Delhi","India","28.519256591796875","77.21282503386888","31","8.286","79.157036","100","0","store"
"2456","2025-01-24","02:39:14","Kerala","India","9.964096213741396","76.23978739013415","36","14.8535","98.40121","97","0","clothing_store"
"2459","2025-04-04","13:12:30","Tokyo","Japan","35.698826","139.790051","691","13.2045","87.96874","9","0","political"
"2460","2025-04-05","00:19:45","Tokyo","Japan","35.69882638621022","139.7900505926264","691","13.2045","87.96874","9","0","health"
"2461","2025-03-31","15:21:21","Tokyo","Japan","35.6988525390625","139.78997680879917","693","22.3835","51.781166","86","0","sublocality"
"2462","2025-04-03","18:26:17","Tokyo","Japan","35.698822021484375","139.78996403007622","693","19.783499","60.945015","0","0","sublocality"
"2463","2025-03-22","21:45:21","Kagoshima","Japan","31.588499345124674","130.55181182687528","1004","14.834001","72.48788","56","0","lodging"
"2464","2024-11-20","13:10:31","Seoul","South Korea","37.57190221603961","126.98820852020346","205","9.9655","68.16585","100","0","store"
"2465","2024-11-20","14:55:55","Seoul","South Korea","37.5718994140625","126.98820958203824","205","8.9655","70.88718","100","0","store"
"2467","2025-02-17","12:09:50","Quang Nam","Vietnam","15.876617431640623","108.33124604138446","7","31.2565","52.724945","100","0.2","store"
"2468","2025-02-02","22:28:17","Delhi","India","28.51927622658813","77.21282264369476","0","4.6","56.97559","100","0","store"
"2469","2025-02-02","23:15:30","Delhi","India","28.519276467799276","77.21282857105567","0","4.6","56.97559","100","0","store"
"2470","2025-02-03","10:51:32","Delhi","India","28.519271","77.212846","0","4.7","59.37738","94","0","store"
"2471","2025-02-05","04:15:54","Delhi","India","28.519263","77.212825","31","8.636001","63.45771","99","0","store"
"2472","2025-02-05","04:28:24","Delhi","India","28.51926285638204","77.21282503386888","31","9.336","67.55694","100","0","store"
"2476","2024-11-23","19:28:24","Seoul","South Korea","37.56048524208543","126.9302045029534","205","15.065499","53.40496","100","0","lodging"
"2477","2025-04-27","00:36:22","Kowloon","Hong Kong","22.30342663874022","114.17484401546994","129","20.4245","76.60009","0","0","transit_station"
"2478","2025-04-26","01:14:12","Kowloon","Hong Kong","22.30343524834226","114.1748244918768","128","26.918","77.58454","100","0","transit_station"
"2479","2025-02-03","04:13:34","Delhi","India","28.51927226918448","77.212845863051","0","4.6","56.97559","100","0","store"
"2480","2025-02-03","04:15:47","Delhi","India","28.519271707993774","77.21284572364384","0","4.7","59.37738","94","0","store"
"2481","2025-01-25","03:31:55","Kerala","India","9.96409109708622","76.23977503804244","36","15.2535","98.406105","100","0.8","store"
"2484","2025-04-03","18:41:57","Tokyo","Japan","35.698822021484375","139.78997072557098","693","21.6835","56.58138","56","0","sublocality_level_4"
"2485","2025-04-01","19:26:17","Tokyo","Japan","35.698822021484375","139.78997412829906","693","19.783499","60.945015","0","0","health"
"2486","2025-03-24","23:41:02","Kagoshima","Japan","31.588531494140625","130.55188252839778","1004","13.234","73.17817","30","0","political"
"2487","2024-11-20","23:10:14","Seoul","South Korea","37.5719101449565","126.98821889493588","205","11.2155","68.18879","100","0","food"
"2488","2025-02-21","05:25:41","Quang Nam","Vietnam","15.889806580445589","108.3291238398704","7","30.5065","57.27758","100","0","travel_agency"
"2489","2025-02-21","13:41:56","Quang Nam","Vietnam","15.88305010548451","108.3250217662096","5","24.369501","61.79875","3","0","food"
"2490","2025-02-20","07:28:31","Quang Nam","Vietnam","15.882553979963022","108.32492654853384","5","30.219501","43.303257","31","0","cafe"
"2493","2025-09-07","13:18:53","Ancash","Peru","-9.529060835251617","-77.52573421038502","46","24.082499","76.21056","100","0","restaurant"
"2499","2025-04-08","19:26:21","Tokyo","Japan","35.6988525390625","139.78996395256002","691","22.504501","56.23217","0","0","health"
"2500","2025-03-26","18:23:35","Oita","Japan","33.279195","131.498936","403","22.887999","58.750504","5","0","political"
"2501","2024-11-20","22:13:32","Seoul","South Korea","37.57191150451061","126.98821809003242","205","10.2155","68.93598","100","0","store"
"2502","2024-11-20","18:55:08","Seoul","South Korea","37.57191346819028","126.98821829369795","205","10.2155","68.93598","100","0","store"
"2504","2025-03-18","12:01:01","California","United States","33.87563520264381","-117.86982766179617","334","25.766","52.996597","97","0","transit_station"
"2505","2024-11-26","01:55:07","Jeonbuk State","South Korea","35.81684992911444","127.1519782795762","205","18.365501","90.400826","100","0","museum"
"2506","2024-11-23","20:30:06","Seoul","South Korea","37.56044219597764","126.93022291487864","205","14.2655","54.504513","100","0","lodging"
"2507","2025-04-30","00:21:59","Taipei City","Taiwan","25.083092794036716","121.52440924536756","66","27.914","69.48136","100","0","lodging"
"2508","2025-03-01","10:00:13","Ha Noi","Vietnam","21.031778","105.85144","313","23.4995","74.00924","11","0","transit_station"
"2510","2025-09-08","08:47:40","Ancash","Peru","-9.529191524821217","-77.5255133607505","46","22.7825","70.91975","100","0","food"
"2513","2025-02-24","13:56:03","Thanh pho Hue","Vietnam","16.339996337890625","107.9538458633409","5","25.8195","65.31793","0","0","health"
"2516","2025-03-27","14:36:35","Oita","Japan","33.2791775188266","131.49885576692404","403","24.637999","48.437153","56","0","sublocality_level_4"
"2521","2024-11-25","17:40:54","Jeonbuk State","South Korea","35.81689453125","127.15199212958233","205","17.4655","92.08403","100","0","museum"
"2522","2024-11-24","23:05:33","Jeonbuk State","South Korea","35.816872","127.152052","205","17.4655","90.62655","100","0.1","museum"
"2523","2024-11-24","22:56:06","Jeonbuk State","South Korea","35.816864013671875","127.1520478757082","205","17.4655","92.08403","100","0","museum"
"2524","2024-11-23","20:40:59","Seoul","South Korea","37.56052353103063","126.93017319108822","205","14.1655","56.598156","100","0.2","lodging"
"2525","2024-11-23","21:29:55","Seoul","South Korea","37.56049592490884","126.93019942556434","205","14.6154995","54.596043","100","0.1","lodging"
"2527","2025-01-07","11:50:17","Chang Wat Chiang Rai","Thailand","19.899798","99.827273","194","7.1974998","89.88023","98","0","restaurant"
"2531","2025-09-08","08:16:14","Ancash","Peru","-9.529159480349254","-77.52546035135406","727","22.672","51.17907","18","0","restaurant"
"2532","2025-03-01","11:45:34","Ha Noi","Vietnam","21.031655745245526","105.8532126063958","313","21.3495","84.60618","25","0","tourist_attraction"
"2533","2025-02-27","13:28:28","Ha Noi","Vietnam","21.031439","105.852945","313","23.4995","74.00924","11","0","shopping_mall"
"2537","2024-11-25","21:40:44","Jeonbuk State","South Korea","35.81689453125","127.15197604157838","205","17.7155","93.27731","100","0","museum"
"2538","2024-11-26","03:02:44","Jeonbuk State","South Korea","35.81687174017961","127.1519589531142","205","17.4155","91.49545","100","1.1","museum"
"2539","2024-11-23","21:32:18","Seoul","South Korea","37.56045046094514","126.93024279040988","205","14.2655","54.504513","100","0","lodging"
"2541","2025-02-21","11:34:00","Quang Nam","Vietnam","15.876067","108.32621","5","31.0195","41.76304","2","0","food"
"2544","2025-04-05","22:31:28","Tokyo","Japan","35.698906","139.790099","693","18.533499","62.284252","0","0","sublocality"
"2546","2025-02-21","09:39:30","Quang Nam","Vietnam","15.8767578","108.3257542","7","31.2565","52.724945","100","0.2","food"
"2548","2025-05-07","11:43:34","Siem Reap Province","Cambodia","13.35005808643709","103.85725519613784","8","26.7705","66.95235","100","0","pharmacy"
"2549","2025-01-25","04:02:50","Kerala","India","9.964073181152344","76.23982528868599","36","9.0535","71.40338","100","0","clothing_store"
"2550","2025-03-30","13:38:37","Tokyo","Japan","35.698846","139.789963","693","19.783499","60.945015","0","0","sublocality"
"2551","2025-03-30","14:27:13","Tokyo","Japan","35.69884611743054","139.78996337867437","693","19.783499","60.945015","0","0","political"
"2554","2025-05-05","00:47:38","Siem Reap Province","Cambodia","13.349892104410378","103.85729801028864","7","25.577002","74.35645","98","0.1","store"
"2561","2024-11-26","00:22:20","Jeonbuk State","South Korea","35.81688965165813","127.1519683603434","205","17.1655","92.65645","100","0.8","museum"
"2562","2024-11-25","23:50:02","Jeonbuk State","South Korea","35.816890673301735","127.15197103784244","205","17.4655","89.76183","100","0.2","museum"
"2563","2024-11-26","12:15:54","Jeonbuk State","South Korea","35.81686812264563","127.15195220385569","205","17.3155","92.36952","100","4.5","museum"
"2564","2024-11-22","01:56:07","Seoul","South Korea","37.572197","126.988301","205","6.5155","75.33984","40","0","lodging"
"2568","2025-09-08","02:40:57","Ancash","Peru","-9.52917695166489","-77.52551664041022","727","18.722","65.27436","0","0","food"
"2569","2025-07-17","15:41:19","Bolivar","Colombia","10.40557737005905","-75.55417700510701","38","23.6135","96.15064","100","0","lodging"
"2570","2024-11-23","20:25:37","Seoul","South Korea","37.56045628574374","126.93020253274332","205","14.2655","54.504513","100","0","lodging"
"2571","2024-11-23","20:09:15","Seoul","South Korea","37.56048232931205","126.93022652811467","205","14.1655","56.598156","100","0.2","lodging"
"2572","2025-02-20","07:56:03","Quang Nam","Vietnam","15.876654576199174","108.3306097028442","7","33.8065","41.215145","50","0","store"
"2573","2025-05-05","10:20:32","Siem Reap Province","Cambodia","13.349972320535308","103.857276095825","7","24.377","75.785446","27","0","veterinary_care"
"2574","2025-05-05","00:50:25","Siem Reap Province","Cambodia","13.349891662597656","103.8572978303584","7","25.927","76.49646","100","0.3","health"
"2575","2025-05-08","00:14:38","Siem Reap Province","Cambodia","13.349891662597656","103.85729822448286","7","24.327002","75.30886","10","0","pharmacy"
"2577","2025-03-22","21:12:31","Kagoshima","Japan","31.588473706904352","130.55194125604214","1004","16.634","67.021225","0","0","sublocality_level_4"
"2578","2024-11-26","12:07:23","Jeonbuk State","South Korea","35.816864013671875","127.15195220385569","205","17.1655","93.54768","100","6.2","museum"
"2579","2024-11-26","00:30:19","Jeonbuk State","South Korea","35.816864013671875","127.15196693789134","205","17.4155","91.49545","100","1.1","museum"
"2580","2024-11-26","00:00:21","Jeonbuk State","South Korea","35.816864013671875","127.15197042314456","205","17.4655","89.76183","100","0.2","museum"
"2582","2025-03-27","13:51:13","Oita","Japan","33.27899169921875","131.49895832127515","403","18.438","70.328636","0","0","political"
"2583","2025-03-24","23:38:44","Kagoshima","Japan","31.588545097834125","130.55188252839778","403","15.288","77.812485","3","0","sublocality"
"2584","2025-03-24","23:30:15","Kagoshima","Japan","31.588545","130.551883","403","15.288","77.812485","3","0","political"
"2588","2025-07-31","13:15:40","Pichincha","Ecuador","-0.1855952110224138","-78.48160861112137","7","29.4135","50.48794","21","0","food"
"2589","2025-09-08","05:33:55","Ancash","Peru","-9.529196773093188","-77.52548623508558","727","22.472","47.693565","68","0","restaurant"
"2590","2025-03-30","15:29:46","Tokyo","Japan","35.69883919821148","139.78997048174875","693","21.6835","56.58138","56","0","political"
"2591","2024-11-26","03:07:17","Jeonbuk State","South Korea","35.816864013671875","127.1519589531142","205","17.4655","92.08403","100","0","museum"
"2592","2024-11-26","01:05:17","Jeonbuk State","South Korea","35.816864013671875","127.15196105253692","205","17.3155","92.66462","100","2.5","museum"
"2594","2025-04-21","20:23:29","Hu Nan Sheng","China","29.3463799","110.5465469","129","23.874498","70.01385","2","0","lodging"
"2595","2025-04-21","21:56:54","Hu Nan Sheng","China","29.34638977050781","110.5465809350019","129","25.474499","68.80139","1","0","lodging"
"2597","2025-07-21","04:01:17","Quindio","Colombia","4.635186069693296","-75.57055626703512","38","31.0135","54.14667","100","0","lodging"
"2599","2025-04-01","22:09:47","Tokyo","Japan","35.69883985871454","139.7899760441818","693","22.3335","53.1484","92","0","political"
"2605","2025-02-21","06:51:38","Quang Nam","Vietnam","15.876523","108.327531","5","29.0695","45.829334","29","0","store"
"2609","2025-04-01","18:43:10","Tokyo","Japan","35.69884005008179","139.78997376836287","693","17.283499","62.62214","0","0","health"
"2610","2025-04-03","16:53:37","Tokyo","Japan","35.698841","139.789972","693","21.6835","56.58138","56","0","sublocality_level_4"
"2611","2025-04-01","23:57:32","Tokyo","Japan","35.69884125303117","139.78997044723022","693","22.3335","53.1484","92","0","political"
"2612","2025-01-14","00:59:26","Chang Wat Surat Thani","Thailand","9.470703125","100.04820695162368","728","5.5325","86.344376","0","0","spa"
"2615","2025-03-18","14:31:13","California","United States","33.8756103515625","-117.86980434643291","334","18.416","79.298","15","0","transit_station"
"2616","2025-04-29","21:11:38","Taipei City","Taiwan","25.083047","121.524357","66","29.314001","60.24964","34","0","lodging"
"2617","2025-04-21","12:54:52","Hu Nan Sheng","China","29.346329079077005","110.5465754369876","129","25.224499","67.05688","0","0","lodging"
"2618","2025-04-01","19:39:14","Tokyo","Japan","35.698841","139.789974","693","17.1835","64.29457","0","0","sublocality_level_4"
"2619","2025-04-01","19:41:40","Tokyo","Japan","35.69884125899611","139.78997412829906","693","17.1835","64.29457","0","0","political"
"2620","2025-02-21","06:58:44","Quang Nam","Vietnam","15.876582","108.326363","9","32.5935","43.945972","22","0","tourist_attraction"
"2626","2025-09-08","07:33:53","Ancash","Peru","-9.52917115481924","-77.5254804744216","727","21.172","50.613228","100","0","food"
"2627","2025-03-27","14:43:36","Oita","Japan","33.27913030775919","131.49883240976234","403","25.237999","46.12719","94","0","sublocality_level_4"
"2629","2025-04-21","21:36:21","Hu Nan Sheng","China","29.3464262","110.5465374","129","24.3245","70.098785","0","0","lodging"
"2635","2025-04-12","21:23:48","Shizuoka","Japan","35.313466759349566","138.92629752745594","691","22.1045","64.73471","24","0","lodging"
"2636","2025-04-30","16:28:10","Taipei City","Taiwan","25.08307318460616","121.52434356266542","66","29.314001","60.24964","34","0","lodging"
"2638","2025-04-12","21:04:10","Shizuoka","Japan","35.3134765625","138.92633042265334","129","19.124498","73.019516","0","0","lodging"
"2640","2025-02-19","09:00:30","Quang Nam","Vietnam","15.877087732112445","108.32714626839876","7","33.8065","41.215145","50","0","cafe"
"2641","2025-02-17","05:23:50","Quang Nam","Vietnam","15.876754760742188","108.33070942836258","7","32.5065","46.169235","86","0.4","store"
"2642","2025-02-17","04:58:10","Quang Nam","Vietnam","15.876755051343052","108.33070942836258","7","33.8065","41.215145","50","0","home_goods_store"
"2644","2025-04-15","05:03:52","Shizuoka","Japan","35.3136358052664","138.92627503919437","691","14.8045","73.21364","0","0","lodging"
"2647","2025-04-30","18:58:06","Taipei City","Taiwan","25.08307084873648","121.52433830220151","66","25.514","74.5754","100","0","lodging"
"2648","2025-04-30","19:12:24","Taipei City","Taiwan","25.08306884765625","121.52434117368732","66","27.914","69.48136","100","0","lodging"
"2649","2025-04-29","23:52:19","Taipei City","Taiwan","25.08303166847907","121.5243515774347","66","30.064001","57.172318","22","0","lodging"
"2650","2025-05-01","01:35:55","Taipei City","Taiwan","25.083022488322328","121.52434611657776","66","29.964","58.39323","100","0","lodging"
"2654","2025-07-17","12:01:01","Bolivar","Colombia","10.405346832486508","-75.55394025089154","38","28.563501","73.947586","100","0","transit_station"
"2655","2025-04-05","14:54:09","Tokyo","Japan","35.69889","139.790177","693","16.6335","66.35407","1","0","political"
"2656","2025-04-12","19:22:57","Shizuoka","Japan","35.313345","138.926381","691","22.1045","64.73471","24","0","lodging"
"2657","2025-04-15","07:08:20","Shizuoka","Japan","35.31334902997665","138.92632979693067","691","22.1045","64.73471","24","0","lodging"
"2658","2025-01-24","23:28:21","Kerala","India","9.96405970213132","76.23980830307256","36","8.1035","65.40367","100","0","clothing_store"
"2659","2025-01-25","04:22:08","Kerala","India","9.964035412180456","76.23976458193056","36","15.7535","92.57898","100","0.6","store"
"2660","2025-01-25","03:10:59","Kerala","India","9.964044066229434","76.23974246628318","36","5.5535","54.131577","100","0","clothing_store"
"2662","2025-07-21","00:42:11","Quindio","Colombia","4.635187974720317","-75.57052763224601","38","31.0135","54.14667","100","0","lodging"
"2663","2025-02-27","02:59:35","Ha Noi","Vietnam","21.034580765670803","105.85165674062992","313","21.3495","84.60618","25","0","restaurant"
"2665","2025-03-18","06:20:23","California","United States","33.87565276642358","-117.86979538994689","334","25.066","63.941357","90","0","general_contractor"
"2667","2025-04-21","21:42:26","Hu Nan Sheng","China","29.3464156","110.5465419","129","23.374498","71.02918","5","0","lodging"
"2668","2025-04-21","19:08:16","Hu Nan Sheng","China","29.3464178","110.5465397","129","23.374498","71.02918","5","0","lodging"
"2670","2025-09-08","08:31:26","Ancash","Peru","-9.529177876503416","-77.52547922645131","727","19.272001","64.54044","0","0","food"
"2671","2025-09-08","08:04:21","Ancash","Peru","-9.52917431584086","-77.52547729207302","727","20.172","54.91422","95","0","restaurant"
"2675","2025-01-13","03:07:29","Chang Wat Surat Thani","Thailand","9.47059870581464","100.04831431534517","728","5.9325","86.38525","1","0","spa"
"2681","2025-03-05","15:59:13","Ninh Binh","Vietnam","20.25609","105.969794","313","20.6495","86.6806","20","0","food"
"2682","2025-02-19","06:16:49","Quang Nam","Vietnam","15.876554320458036","108.32724132766948","5","29.0695","45.829334","29","0","clothing_store"
"2683","2025-02-21","13:18:12","Quang Nam","Vietnam","15.876380920410156","108.32730071418672","5","29.0695","45.829334","29","0","restaurant"
"2686","2025-07-21","00:53:39","Quindio","Colombia","4.635190556887275","-75.57053394532822","38","31.563501","53.45547","100","0","lodging"
"2688","2025-03-22","20:41:34","Kagoshima","Japan","31.588495049296235","130.5518843692286","1004","15.584001","70.24332","23","0","political"
"2689","2025-02-15","12:48:21","Thanh pho Hue","Vietnam","16.461071","107.597529","35","12.626","52.940907","0","0","food"
"2690","2025-02-21","13:08:21","Quang Nam","Vietnam","15.87580293369735","108.32740282898096","9","31.3435","44.02302","10","0","food"
"2691","2025-08-15","02:43:57","Islas Galapagos","Ecuador","-0.7420464162363001","-90.31641826928258","62","32.046","39.58893","3","0","finance"
"2692","2025-08-15","05:26:33","Islas Galapagos","Ecuador","-0.742057","-90.316429","62","28.796","48.45292","7","0","finance"
"2695","2025-04-30","02:43:38","Taipei City","Taiwan","25.083019972910684","121.5243591015844","66","29.964","58.39323","100","0","lodging"
"2696","2025-04-30","00:46:29","Taipei City","Taiwan","25.083023071289062","121.5243783369981","66","29.964","58.39323","100","0","lodging"
"2699","2025-01-04","03:32:51","Chang Wat Chiang Mai","Thailand","18.793197631835938","98.99281680782664","174","11.117","67.69692","39","0","laundry"
"2700","2025-01-29","19:19:01","Rajasthan","India","26.89957999830479","75.76874257312515","33","-0.577","34.856384","3","0","lodging"
"2702","2025-07-31","13:00:14","Pichincha","Ecuador","-0.1856193006466121","-78.48159767567537","56","26.2495","89.312325","100","1","food"
"2703","2025-07-31","04:16:10","Pichincha","Ecuador","-0.1855919532455668","-78.48158405649487","56","27.5995","82.00653","100","0.1","restaurant"
"2705","2025-03-24","13:15:49","Kagoshima","Japan","31.588497315624476","130.55186820620025","1004","18.284","68.0314","55","0","sublocality_level_4"
"2708","2025-03-22","20:32:33","Kagoshima","Japan","31.58851608423569","130.5518627522193","1004","13.234","73.17817","30","0","political"
"2709","2025-04-30","00:15:27","Taipei City","Taiwan","25.083038330078125","121.5243906165544","66","29.964","58.39323","100","0","lodging"
"2710","2025-01-31","04:30:01","Rajasthan","India","26.89959716796875","75.76878567644809","0","6.6","52.831936","100","0","lodging"
"2716","2025-05-07","12:22:35","Siem Reap Province","Cambodia","13.350021362304688","103.85724363133504","8","27.6205","70.927","100","0.4","health"
"2719","2025-07-31","13:06:47","Pichincha","Ecuador","-0.185628304520847","-78.48159748581034","56","22.9995","92.68071","100","0","restaurant"
"2720","2025-03-06","04:00:59","Ninh Binh","Vietnam","20.256093319544576","105.96979786761628","311","23.6625","64.65593","1","0","restaurant"
"2721","2025-03-06","01:47:17","Ninh Binh","Vietnam","20.25609357788926","105.96979710294636","311","25.9125","59.46499","14","0","restaurant"
"2722","2025-03-06","01:39:57","Ninh Binh","Vietnam","20.256088256835938","105.96979710294636","313","19.9995","89.38593","19","0","restaurant"
"2723","2025-03-06","03:57:54","Ninh Binh","Vietnam","20.256088256835938","105.96979786761628","311","24.3125","63.375023","9","0","restaurant"
"2726","2025-01-08","04:22:12","Chang Wat Chiang Rai","Thailand","19.89903259277344","99.82524717406964","194","12.247499","96.442024","100","0","lodging"
"2730","2025-03-05","23:45:58","Ninh Binh","Vietnam","20.25609322258825","105.96979644572052","311","23.6625","64.65593","1","0","restaurant"
"2731","2025-03-05","18:15:46","Ninh Binh","Vietnam","20.256088256835938","105.96979493527346","313","20.6495","86.6806","20","0","food"
"2732","2025-03-01","03:38:35","Ha Noi","Vietnam","21.034614237818143","105.85218098953378","313","25.8995","61.365788","4","0","tourist_attraction"
"2733","2025-01-08","04:30:03","Chang Wat Chiang Rai","Thailand","19.899035","99.825247","194","14.1975","77.129036","79","0.1","lodging"
"2734","2025-01-08","04:34:49","Chang Wat Chiang Rai","Thailand","19.89903512166307","99.82524717406964","194","14.1975","77.129036","79","0.1","lodging"
"2738","2025-07-17","15:53:16","Bolivar","Colombia","10.4051260597721","-75.5539529365185","38","27.063501","82.43612","100","0","travel_agency"
"2739","2025-04-04","23:26:23","Tokyo","Japan","35.698838","139.790086","693","22.3835","51.781166","86","0","sublocality_level_4"
"2740","2025-03-22","21:03:25","Kagoshima","Japan","31.58852825424313","130.55183487444123","1004","13.234","74.9299","58","0","sublocality"
"2741","2025-03-05","13:39:31","Ninh Binh","Vietnam","20.256091130563693","105.9697956172388","311","26.5125","54.212246","29","0","food"
"2742","2025-03-05","21:36:29","Ninh Binh","Vietnam","20.256088256835938","105.96979584156962","313","19.0995","91.888916","2","0","food"
"2743","2025-03-05","23:16:06","Ninh Binh","Vietnam","20.256088256835938","105.96979644572052","313","20.6495","86.6806","20","0","food"
"2744","2025-03-04","17:49:40","Ninh Binh","Vietnam","20.256086","105.969801","311","23.3125","73.285164","2","0","restaurant"
"2745","2025-03-04","17:49:41","Ninh Binh","Vietnam","20.256085693028105","105.9698008242908","311","19.4125","92.77728","0","0","restaurant"
"2746","2025-02-07","13:01:33","Ho Chi Minh","Vietnam","10.78594970703125","106.6952292321851","30","11.3925","61.891113","16","0","store"
"2754","2025-03-05","22:57:06","Ninh Binh","Vietnam","20.256093","105.969796","311","25.9125","59.46499","14","0","restaurant"
"2755","2025-03-05","21:01:06","Ninh Binh","Vietnam","20.256092905665945","105.96979584156962","311","24.3125","63.375023","9","0","food"
"2759","2025-03-01","02:56:36","Ha Noi","Vietnam","21.03428649902344","105.8518410390574","13","27.630499","43.712864","0","0","place_of_worship"
"2760","2025-01-25","02:27:41","Kerala","India","9.964065551757812","76.2398048580718","36","14.9535","98.720146","100","0.7","store"
"2762","2025-09-07","13:10:42","Ancash","Peru","-9.5290544189191","-77.5257588715661","727","19.272001","64.54044","0","0","food"
"2763","2025-06-01","03:51:44","Ciudad Autonoma de Buenos Aires","Argentina","-34.604233","-58.37635","33","24.085999","96.16399","99","0","lodging"
"2767","2025-01-25","04:06:08","Kerala","India","9.964051500434342","76.23977321774714","36","10.4035","81.95131","100","0","clothing_store"
"2769","2025-09-07","21:56:48","Ancash","Peru","-9.52905526956068","-77.5257662389407","46","26.7325","66.94469","96","0","food"
"2770","2025-09-08","02:31:12","Ancash","Peru","-9.529052567184385","-77.52577104918716","727","24.072","46.264046","4","0","food"
"2771","2025-04-08","02:34:59","Tokyo","Japan","35.698879944446055","139.79015717853702","693","21.6835","56.58138","56","0","political"
"2772","2025-04-03","05:21:53","Tokyo","Japan","35.698893","139.790157","693","21.6835","56.58138","56","0","political"
"2773","2025-03-05","19:13:47","Ninh Binh","Vietnam","20.256091","105.969795","311","27.0125","49.227287","30","0","restaurant"
"2776","2025-07-20","16:29:18","Quindio","Colombia","4.635202565587039","-75.57055055392993","38","28.713501","73.97245","100","0","lodging"
"2780","2025-01-25","02:50:26","Kerala","India","9.964056567710353","76.23977873142125","36","15.6035","98.41039","100","1","clothing_store"
"2781","2025-01-24","23:37:10","Kerala","India","9.964060799371468","76.23977233656164","36","12.0035","93.29236","100","0","store"
"2782","2025-03-18","06:22:27","California","United States","33.87564850846795","-117.86981522148594","334","21.966","70.54305","34","0","transit_station"
"2784","2024-11-19","14:33:59","Seoul","South Korea","37.572159","126.988195","205","6.5655003","72.71377","99","0","cafe"
"2785","2025-02-17","15:13:30","Quang Nam","Vietnam","15.876102074999816","108.32741735463864","9","28.6935","54.75573","25","0","travel_agency"
"2786","2025-02-17","14:59:36","Quang Nam","Vietnam","15.8760986328125","108.32741735463864","5","22.8195","63.654633","9","0","travel_agency"
"2787","2025-02-25","00:28:38","Thanh pho Hue","Vietnam","16.340130083457662","107.95383136958596","5","31.8195","40.160137","41","0","health"
"2791","2025-03-27","12:13:52","Oita","Japan","33.27908101453017","131.4988168633176","403","24.938","48.67589","32","0","sublocality_level_4"
"2793","2025-01-29","13:10:53","Rajasthan","India","26.899676641792585","75.76847222140803","33","-0.37699997","63.67635","96","0","health"
"2794","2025-09-08","08:49:48","Ancash","Peru","-9.529186423639477","-77.52549474949068","727","19.272001","64.54044","0","0","restaurant"
"2795","2024-11-23","15:10:56","Seoul","South Korea","37.56048583984375","126.93017309052622","205","14.6154995","54.596043","100","0.1","lodging"
"2796","2025-03-05","19:30:41","Ninh Binh","Vietnam","20.25609124219416","105.96979493527346","311","24.3125","63.375023","9","0","restaurant"
"2797","2025-03-05","17:18:34","Ninh Binh","Vietnam","20.256091219655147","105.96979487582348","311","26.5125","54.212246","29","0","restaurant"
"2799","2025-04-30","00:44:14","Taipei City","Taiwan","25.083084106445312","121.5244044846274","66","29.314001","60.24964","34","0","lodging"
"2800","2025-05-07","13:37:28","Siem Reap Province","Cambodia","13.350014474041483","103.857257852992","8","27.7205","71.59688","100","0.2","veterinary_care"
"2801","2025-01-25","03:03:49","Kerala","India","9.96404266357422","76.23978133932508","36","15.5535","99.043205","100","0.6","clothing_store"
"2803","2025-04-15","15:26:41","Shizuoka","Japan","35.31350330133555","138.926294666152","691","19.3045","67.35301","2","0","lodging"
"2806","2025-06-22","12:32:39","Ciudad Autonoma de Buenos Aires","Argentina","-34.5771040541632","-58.43910240141616","19","28.604","76.21342","100","6.7","store"
"2807","2025-01-25","01:25:35","Kerala","India","9.964047252600624","76.23978153493915","36","6.7535","61.437748","100","0","store"
"2809","2025-06-22","07:32:19","Ciudad Autonoma de Buenos Aires","Argentina","-34.57707984437199","-58.43907103836308","39","22.581999","96.70924","100","0","supermarket"
"2815","2025-07-17","15:58:58","Bolivar","Colombia","10.405330424696585","-75.55399497705017","38","23.6135","96.15064","100","0","transit_station"
"2816","2025-06-22","09:38:13","Ciudad Autonoma de Buenos Aires","Argentina","-34.57708598533258","-58.43908091337235","39","22.581999","96.70924","100","0","grocery_or_supermarket"
"2818","2025-01-29","10:48:14","Rajasthan","India","26.89973471348735","75.76857659532597","33","-0.877","38.65144","0","0","health"
"2822","2025-03-27","12:51:29","Oita","Japan","33.27899","131.498865","403","24.538","47.313755","13","0","sublocality_level_4"
"2823","2025-02-28","15:05:37","Ha Noi","Vietnam","21.03456347546933","105.85211349050452","313","24.0995","70.93997","21","0","restaurant"
"2824","2025-01-14","01:05:39","Chang Wat Surat Thani","Thailand","9.47064971923828","100.0483020625954","728","6.8824997","83.80469","0","0","spa"
"2826","2025-09-08","02:05:34","Ancash","Peru","-9.529182649825165","-77.52548512010797","727","24.072","46.264046","4","0","restaurant"
"2827","2025-07-17","11:47:50","Bolivar","Colombia","10.405411376554673","-75.5541622664716","37","23.27","97.31417","100","0","transit_station"
"2828","2025-02-24","17:37:01","Thanh pho Hue","Vietnam","16.340081103108375","107.95378258790691","13","28.6805","45.14316","0","0","health"
"2829","2025-02-25","09:29:25","Thanh pho Hue","Vietnam","16.34008828106799","107.9537852396632","13","28.6805","45.14316","0","0","health"
"2830","2025-03-18","15:00:12","California","United States","33.87562825259741","-117.8698094841909","334","20.816","71.00641","30","0","transit_station"
"2831","2025-03-23","20:58:55","Kagoshima","Japan","31.5885432010294","130.55184433578083","1004","12.783999","75.10703","0","0","political"
"2836","2025-03-27","23:41:38","Oita","Japan","33.279052734375","131.49896227143026","403","21.387999","63.956818","9","0","sublocality"
"2838","2025-07-16","14:06:06","Bolivar","Colombia","10.405081699074833","-75.55411423289249","38","28.563501","73.947586","100","0","travel_agency"
"2839","2025-03-23","16:25:54","Kagoshima","Japan","31.588531494140625","130.5518443362506","1004","12.783999","75.10703","0","0","lodging"
"2840","2024-11-19","21:54:03","Seoul","South Korea","37.572012","126.9881","205","6.9655004","70.24133","100","0","food"
"2841","2024-11-19","21:35:41","Seoul","South Korea","37.572023","126.988103","205","4.7655","90.645485","9","0","store"
"2842","2025-01-13","20:50:17","Chang Wat Surat Thani","Thailand","9.47063460690966","100.04829451181904","728","5.5325","86.344376","0","0","spa"
"2843","2025-01-10","04:12:22","Phuket","Thailand","7.8210120164949775","98.301079866757","194","12.497499","56.764713","27","0","bar"
"2844","2025-03-18","14:47:57","California","United States","33.87563490970301","-117.86980456493625","334","16.366","86.26717","99","0","transit_station"
"2845","2025-03-23","23:37:48","Kagoshima","Japan","31.58854204908007","130.55184195439887","1004","12.584","76.35546","0","0","sublocality_level_4"
"2846","2025-03-23","21:01:21","Kagoshima","Japan","31.588531494140625","130.5518448607083","1004","13.134","73.40831","21","0","lodging"
"2847","2025-03-23","13:56:24","Kagoshima","Japan","31.588531494140625","130.55184529481025","1004","13.384","72.22128","36","0","lodging"
"2848","2024-11-19","20:56:39","Seoul","South Korea","37.57205729031335","126.98811542011794","205","4.0155","92.21151","0","0","store"
"2849","2025-04-30","00:42:06","Taipei City","Taiwan","25.08307459527405","121.52441085400363","66","30.064001","57.172318","22","0","lodging"
"2850","2025-01-25","04:06:08","Kerala","India","9.964053","76.239792","36","6.0535","58.41942","100","0","clothing_store"
"2851","2025-01-25","04:25:31","Kerala","India","9.964051456810504","76.23979047613452","36","6.7535","61.437748","100","0","store"
"2852","2025-04-29","22:17:24","Taipei City","Taiwan","25.08307181124449","121.52437476478332","66","30.064001","57.172318","22","0","lodging"
"2853","2025-09-07","03:48:28","Ancash","Peru","-9.52918289598839","-77.52548739263483","727","22.672","53.41031","0","0","food"
"2854","2025-04-29","23:39:45","Taipei City","Taiwan","25.083062530197356","121.52437926474278","66","27.914","69.48136","100","0","lodging"
"2855","2025-04-29","23:54:22","Taipei City","Taiwan","25.08304857543186","121.52437117060435","66","30.064001","57.172318","22","0","lodging"
"2856","2025-08-24","09:37:43","Cuzco","Peru","-13.518085846795165","-71.98644886833208","62","34.696003","32.948593","19","0","school"
"2857","2025-07-21","00:31:17","Quindio","Colombia","4.635206512599459","-75.57052562400813","38","28.713501","73.97245","100","0","lodging"
"2861","2025-07-31","09:15:09","Pichincha","Ecuador","-0.1856529174712324","-78.48161127802206","56","22.8495","94.09933","100","0.1","restaurant"
"2862","2025-09-08","06:04:33","Ancash","Peru","-9.5291824463515","-77.52548924408529","727","19.272001","64.54044","0","0","food"
"2863","2025-09-08","08:54:46","Ancash","Peru","-9.52918201051355","-77.52549234124454","727","22.672","51.17907","18","0","restaurant"
"2865","2025-03-23","18:55:59","Kagoshima","Japan","31.588540968304407","130.55184492007916","1004","12.783999","75.10703","0","0","political"
"2866","2024-11-23","15:40:52","Seoul","South Korea","37.560489678763744","126.9301684533384","205","14.1655","56.598156","100","0.2","lodging"
"2867","2025-07-21","00:51:31","Quindio","Colombia","4.635200210866914","-75.57053295038722","38","30.463501","59.23055","100","0","lodging"
"2868","2025-04-29","23:48:06","Taipei City","Taiwan","25.083050904149413","121.52439645085884","66","29.314001","60.24964","34","0","lodging"
"2869","2025-04-29","22:49:31","Taipei City","Taiwan","25.08306747689747","121.5243869495365","66","29.964","58.39323","100","0","lodging"
"2871","2025-02-27","12:14:50","Ha Noi","Vietnam","21.034393310546875","105.85192698592456","13","27.630499","43.712864","0","0","beauty_salon"
"2872","2025-01-10","01:57:12","Phuket","Thailand","7.820995330810547","98.30107128947252","194","12.497499","56.764713","27","0","bar"
"2873","2025-01-09","21:28:30","Phuket","Thailand","7.820945739746094","98.30105114648426","194","15.247499","57.85631","100","0","bar"
"2874","2025-07-21","11:46:21","Quindio","Colombia","4.635226892924169","-75.57053239031909","38","31.563501","53.45547","100","0","lodging"
"2875","2025-07-17","02:33:46","Bolivar","Colombia","10.405202251313312","-75.55403123995998","37","23.87","97.32607","100","0","transit_station"
"2876","2025-01-10","01:39:29","Phuket","Thailand","7.820998","98.301071","194","12.497499","56.764713","27","0","bar"
"2877","2025-01-10","02:27:25","Phuket","Thailand","7.820997696584759","98.30107128947252","194","12.497499","56.764713","27","0","bar"
"2880","2025-03-18","15:35:04","California","United States","33.875627981816635","-117.86978550347088","334","21.616001","70.02864","26","0","transit_station"
"2884","2024-11-23","13:43:20","Seoul","South Korea","37.56048583984375","126.9301663137101","205","14.6154995","54.596043","100","0.1","lodging"
"2885","2024-11-23","21:10:56","Seoul","South Korea","37.56048583984375","126.93016798831216","205","14.1655","56.598156","100","0.2","lodging"
"2888","2025-03-27","13:53:43","Oita","Japan","33.279174187832545","131.4989315975154","403","23.987999","53.226765","0","0","sublocality"
"2889","2025-03-01","22:57:39","Ha Noi","Vietnam","21.034487593621893","105.85209946894943","313","27.0495","55.038914","12","0","lodging"
"2890","2025-03-01","11:52:40","Ha Noi","Vietnam","21.03451519166893","105.85211208478871","313","25.8995","61.365788","4","0","restaurant"
"2892","2025-02-24","14:54:44","Thanh pho Hue","Vietnam","16.340042114257812","107.95383627157452","5","31.5195","41.2408","100","0","health"
"2894","2025-02-24","14:41:18","Thanh pho Hue","Vietnam","16.340042114257812","107.9538214112485","5","25.369501","65.4281","0","0","health"
"2895","2025-05-04","23:17:28","Siem Reap Province","Cambodia","13.35003807730297","103.85731294240836","8","25.6705","78.11397","100","0","health"
"2896","2025-06-26","12:04:16","Ciudad Autonoma de Buenos Aires","Argentina","-34.57713757270614","-58.43915350194199","19","27.304","83.2103","100","0.2","grocery_or_supermarket"
"2898","2025-01-08","02:34:53","Chang Wat Chiang Rai","Thailand","19.898978","99.825273","194","9.2975","73.98884","100","0","lodging"
"2899","2025-02-07","00:38:47","Ho Chi Minh","Vietnam","10.785932","106.69524","31","3.936","95.86414","100","0","cafe"
"2900","2025-02-06","17:17:22","Ho Chi Minh","Vietnam","10.785934448242188","106.69528893316752","61","3.091","65.21839","0","0","food"
"2903","2025-06-26","11:43:55","Ciudad Autonoma de Buenos Aires","Argentina","-34.57713899277432","-58.43913704190367","19","26.554","85.15143","99","0.2","supermarket"
"2904","2025-04-13","12:26:21","Shizuoka","Japan","35.31354851371942","138.92633127550062","129","19.124498","73.019516","0","0","lodging"
"2905","2025-01-02","20:39:09","Chang Wat Chiang Mai","Thailand","18.79302332081973","98.99268389569322","174","11.766999","70.211426","41","0","laundry"
"2907","2025-09-07","12:49:02","Ancash","Peru","-9.529061930888602","-77.52575763319741","46","25.1325","73.36953","100","0","restaurant"
"2908","2025-07-17","15:55:56","Bolivar","Colombia","10.405351784122306","-75.55410783936375","38","25.3635","93.36309","100","0","transit_station"
"2911","2025-04-15","13:14:14","Shizuoka","Japan","35.3135738182377","138.926263126608","129","21.0245","64.29258","5","0","lodging"
"2912","2025-02-07","03:00:50","Ho Chi Minh","Vietnam","10.7858821203255","106.6951874011867","61","5.491","54.924908","0","0","cafe"
"2915","2025-09-07","03:42:20","Ancash","Peru","-9.529062869712934","-77.52575905996896","727","19.272001","64.54044","0","0","restaurant"
"2916","2025-09-07","02:19:40","Ancash","Peru","-9.529063847943409","-77.525758724374","727","18.372002","59.811783","0","0","restaurant"
"2917","2025-09-07","21:45:13","Ancash","Peru","-9.529064209489135","-77.5257543002664","46","25.1325","73.36953","100","0","food"
"2918","2025-09-07","01:16:35","Ancash","Peru","-9.529065014417302","-77.52575764247072","46","24.582499","74.42159","100","0","restaurant"
"2919","2025-05-31","21:20:49","Ciudad Autonoma de Buenos Aires","Argentina","-34.604238","-58.376331","31","29.907","62.63974","18","0.1","lodging"
"2920","2025-04-15","04:22:41","Shizuoka","Japan","35.31358796812808","138.9262787154399","129","25.724499","52.14256","6","0","lodging"
"2922","2025-08-25","05:04:08","Cuzco","Peru","-13.51806625622622","-71.98642251323244","62","34.346","34.463326","30","0","school"
"2923","2025-08-17","16:21:51","Cuzco","Peru","-13.518105241844465","-71.98643944833996","62","21.796","81.79494","82","0","school"
"2925","2025-07-21","04:04:18","Quindio","Colombia","4.635222540303651","-75.5705500895067","38","31.563501","53.45547","100","0","lodging"
"2926","2025-06-18","11:41:52","Ciudad Autonoma de Buenos Aires","Argentina","-34.577175312283124","-58.43912281613306","19","24.104","93.585175","100","0","supermarket"
"2927","2025-03-30","21:33:41","Tokyo","Japan","35.698824616325304","139.79013105931827","693","18.533499","62.284252","0","0","political"
"2928","2025-03-23","12:51:58","Kagoshima","Japan","31.588539","130.551845","1004","13.384","72.22128","36","0","political"
"2929","2025-03-23","14:03:56","Kagoshima","Japan","31.58853945277355","130.55184530117788","1004","13.384","72.22128","36","0","political"
"2934","2025-02-28","12:58:52","Ha Noi","Vietnam","21.034503","105.852082","13","27.630499","43.712864","0","0","lodging"
"2937","2025-08-15","11:36:56","Islas Galapagos","Ecuador","-0.7420841345207059","-90.31644422158018","62","30.696","43.432877","5","0","finance"
"2938","2025-03-27","01:41:55","Oita","Japan","33.27914","131.498914","403","24.938","48.67589","32","0","sublocality_level_4"
"2939","2025-03-27","23:26:50","Oita","Japan","33.27913812427887","131.49893981353583","403","21.387999","63.956818","9","0","political"
"2941","2025-02-14","16:13:54","Thanh pho Hue","Vietnam","16.462138990320234","107.59793479289034","35","3.976","91.55775","97","0","park"
"2942","2025-02-14","16:45:18","Thanh pho Hue","Vietnam","16.462290177401535","107.59795430339658","35","4.526","89.671745","100","0","park"
"2943","2025-02-06","09:37:37","Ho Chi Minh","Vietnam","10.78593597161156","106.69528328371533","30","6.0925","74.19999","0","0","store"
"2946","2025-04-16","00:29:22","Shizuoka","Japan","35.3135986328125","138.9262808485455","691","14.4045","74.37779","2","0","lodging"
"2947","2025-05-08","00:17:00","Siem Reap Province","Cambodia","13.35000030360222","103.85728059016934","8","27.7205","71.59688","100","0.2","store"
"2948","2025-07-17","11:07:28","Bolivar","Colombia","10.405233462135136","-75.55417190864405","38","30.2635","65.43743","100","0","transit_station"
"2954","2025-06-26","08:01:41","Ciudad Autonoma de Buenos Aires","Argentina","-34.57712740011767","-58.43911174108701","19","26.554","85.15143","99","0.2","store"
"2955","2025-04-07","16:50:30","Tokyo","Japan","35.698845122445576","139.79010302324784","693","18.533499","62.284252","0","0","sublocality"
"2956","2025-04-15","14:49:35","Shizuoka","Japan","35.313603","138.926281","129","28.2745","46.6486","100","0","lodging"
"2957","2025-04-16","00:36:26","Shizuoka","Japan","35.313603121904194","138.9262808485455","129","28.2745","46.6486","100","0","lodging"
"2958","2025-02-24","08:30:11","Thanh pho Hue","Vietnam","16.340011596679688","107.95386023283226","5","25.1695","61.200153","0","0","health"
"2962","2025-05-30","23:04:39","Ciudad Autonoma de Buenos Aires","Argentina","-34.60422800823318","-58.37629001663067","31","28.957","61.290936","19","0","transit_station"
"2963","2025-03-27","23:32:20","Oita","Japan","33.279144287109375","131.49887593609623","403","23.987999","53.226765","0","0","sublocality"
"2964","2025-01-12","12:10:56","Chang Wat Surat Thani","Thailand","9.47070381588743","100.04827185067826","728","5.6825","87.892136","0","0","spa"
"2970","2025-01-13","21:27:05","Chang Wat Surat Thani","Thailand","9.470649204550645","100.04828445390682","728","6.1825","81.680504","4","0","spa"
"2971","2025-03-18","15:09:28","California","United States","33.87562790716557","-117.86979469828606","334","17.066","86.05819","49","0","transit_station"
"2972","2025-03-18","09:47:13","California","United States","33.87562849565095","-117.86979884143702","334","15.616","89.913475","89","0","transit_station"
"2973","2025-02-16","00:18:01","Thanh pho Hue","Vietnam","16.46127628242041","107.59800854501933","35","13.126","49.98523","0","0","store"
"2974","2025-01-13","18:42:11","Chang Wat Surat Thani","Thailand","9.470703125","100.0482637626177","728","5.9325","86.38525","1","0","spa"
"2979","2025-01-13","18:57:24","Chang Wat Surat Thani","Thailand","9.47070433528623","100.0482637626177","728","8.8325","75.73473","0","0","spa"
"2980","2025-01-13","18:48:55","Chang Wat Surat Thani","Thailand","9.470704","100.048264","728","10.5825","70.46427","0","0","spa"
"2982","2025-04-16","00:32:10","Shizuoka","Japan","35.31353837652333","138.92626937738785","691","15.1545","72.0634","0","0","lodging"
"2986","2025-01-03","10:29:04","Chang Wat Chiang Mai","Thailand","18.79304787497236","98.99271902691696","194","13.0475","58.71741","96","0","laundry"
"2991","2025-01-01","23:42:04","Chang Wat Chiang Mai","Thailand","18.79305677993658","98.99271416621256","194","7.6475","80.73908","99","0","laundry"
"2992","2025-01-01","22:28:33","Chang Wat Chiang Mai","Thailand","18.793057","98.992714","194","7.6475","80.73908","99","0","laundry"
"3002","2025-02-07","03:53:52","Ho Chi Minh","Vietnam","10.78594207763672","106.69529041062702","61","3.091","65.21839","0","0","store"
"3003","2025-02-07","03:56:55","Ho Chi Minh","Vietnam","10.785943","106.69529","61","3.5410001","49.097656","0","0","store"
"3004","2025-01-10","00:14:40","Phuket","Thailand","7.82098","98.301063","194","15.247499","57.85631","100","0","bar"
"3005","2025-08-19","02:55:56","Cuzco","Peru","-13.518099772033407","-71.98643807127426","62","21.546","80.743645","88","0","school"
"3007","2025-07-17","13:29:18","Bolivar","Colombia","10.405322","-75.554096","38","25.3635","93.36309","100","0","transit_station"
"3009","2025-06-26","09:22:02","Ciudad Autonoma de Buenos Aires","Argentina","-34.57713803512417","-58.439119279011074","39","29.382","68.50304","100","0","supermarket"
"3010","2025-04-15","09:34:18","Shizuoka","Japan","35.31355655487128","138.92627874698405","691","19.3045","67.35301","2","0","lodging"
"3012","2025-06-12","05:35:41","Ciudad Autonoma de Buenos Aires","Argentina","-34.577156309092764","-58.43912967446904","0","25.65","88.998825","91","0","supermarket"
"3013","2025-06-26","09:51:33","Ciudad Autonoma de Buenos Aires","Argentina","-34.577151","-58.439126","39","30.831999","57.706978","100","0.1","supermarket"
"3019","2025-05-31","15:20:32","Ciudad Autonoma de Buenos Aires","Argentina","-34.604226939977416","-58.37634653002282","31","24.007","83.853","23","0","lodging"
"3020","2025-01-09","20:13:12","Phuket","Thailand","7.82094678401856","98.30108358000692","194","15.247499","57.85631","100","0","bar"
"3022","2025-06-12","08:38:06","Ciudad Autonoma de Buenos Aires","Argentina","-34.577161745160446","-58.43913726132904","0","25.65","88.998825","91","0","grocery_or_supermarket"
"3023","2025-01-07","12:41:30","Chang Wat Chiang Rai","Thailand","19.89893860580185","99.82534414204991","194","9.2975","73.98884","100","0","lodging"
"3025","2025-07-21","00:33:21","Quindio","Colombia","4.63522264705871","-75.5705207137793","38","30.463501","59.23055","100","0","lodging"
"3026","2025-02-06","11:31:51","Ho Chi Minh","Vietnam","10.785850101843335","106.695211836396","30","7.1425","78.7092","0","0","cafe"
"3028","2025-04-21","14:23:15","Hu Nan Sheng","China","29.34629092551408","110.54657920975504","129","25.474499","68.80139","1","0","lodging"
"3031","2024-11-19","21:03:47","Seoul","South Korea","37.572073","126.98813","205","10.7655","61.309277","100","0","health"
"3032","2025-01-14","01:27:21","Chang Wat Surat Thani","Thailand","9.470656559555106","100.04820648568648","728","7.3824997","82.41357","0","0","food"
"3036","2025-07-31","13:53:19","Pichincha","Ecuador","-0.1856482217780817","-78.48159867837086","56","24.7495","95.606804","100","2.1","restaurant"
"3037","2025-06-12","10:25:14","Ciudad Autonoma de Buenos Aires","Argentina","-34.57718022918659","-58.43915322983624","0","25.85","86.63464","100","0","store"
"3042","2025-07-25","12:28:51","Pichincha","Ecuador","-0.1856650060336731","-78.48161938130518","56","27.5995","82.00653","100","0.1","restaurant"
"3044","2025-02-25","05:24:39","Thanh pho Hue","Vietnam","16.340033302864587","107.9538607375912","5","23.9195","60.91438","0","0","health"
"3045","2025-02-06","21:50:00","Ho Chi Minh","Vietnam","10.78589849580909","106.69523093350874","30","5.2925","97.93527","100","0","store"
"3046","2025-02-08","12:15:08","Ho Chi Minh","Vietnam","10.785862870841235","106.69521072296052","61","3.5410001","49.097656","0","0","cafe"
"3047","2025-02-08","12:01:43","Ho Chi Minh","Vietnam","10.785858154296877","106.69521072296052","30","8.4925","79.18763","7","0","store"
"3050","2025-07-16","06:45:44","Bolivar","Colombia","10.405294050280594","-75.55413925145561","37","23.720001","97.02958","100","0","transit_station"
"3052","2025-07-17","01:52:33","Bolivar","Colombia","10.405285428279624","-75.55393763114316","38","31.2635","57.632496","100","0","transit_station"
"3053","2025-06-25","14:28:21","Ciudad Autonoma de Buenos Aires","Argentina","-34.57717025518095","-58.43914766488796","19","23.354","95.561646","100","0","store"
"3057","2025-05-07","11:59:02","Siem Reap Province","Cambodia","13.35007247151785","103.8573084812723","7","26.077002","69.992455","73","0","health"
"3058","2025-09-07","09:00:26","Ancash","Peru","-9.529183501760867","-77.5254881799549","727","22.672","53.41031","0","0","food"
"3059","2025-09-07","13:04:15","Ancash","Peru","-9.52918350188827","-77.52548816806227","727","25.972","44.841408","43","0","restaurant"
"3060","2025-04-07","16:56:23","Tokyo","Japan","35.69883880007912","139.79013063191576","693","22.3835","51.781166","86","0","political"
"3061","2025-03-27","14:22:00","Oita","Japan","33.279083251953125","131.49894472093055","403","23.987999","53.226765","0","0","sublocality"
"3062","2025-03-27","13:21:37","Oita","Japan","33.279078","131.498973","403","22.887999","58.750504","5","0","sublocality"
"3063","2025-01-12","17:48:37","Chang Wat Surat Thani","Thailand","9.470715067768568","100.04826427382568","728","4.8325","90.01311","0","0","spa"
"3068","2025-03-30","20:53:48","Tokyo","Japan","35.69883390573034","139.79012110847614","693","22.3335","53.1484","92","0","sublocality"
"3069","2025-04-04","18:00:54","Tokyo","Japan","35.698835","139.790113","693","22.3835","51.781166","86","0","health"
"3070","2025-04-13","21:21:14","Shizuoka","Japan","35.31357890894135","138.92632796231982","129","25.724499","52.14256","6","0","lodging"
"3073","2025-02-06","13:38:15","Ho Chi Minh","Vietnam","10.785875945147527","106.69523353273917","30","12.7925","55.269505","11","0","food"
"3074","2025-04-08","17:23:52","Tokyo","Japan","35.698842","139.790113","693","18.533499","62.284252","0","0","sublocality_level_4"
"3075","2025-04-07","16:55:17","Tokyo","Japan","35.69885470838368","139.79011338036662","693","16.6335","66.35407","1","0","political"
"3076","2025-04-08","18:56:26","Tokyo","Japan","35.698853","139.790127","693","21.6835","56.58138","56","0","political"
"3077","2025-04-08","19:56:17","Tokyo","Japan","35.698846","139.790135","693","16.6335","66.35407","1","0","political"
"3080","2025-01-14","00:46:33","Chang Wat Surat Thani","Thailand","9.470646563993276","100.0482551183803","728","5.5325","86.344376","0","0","spa"
"3081","2025-08-23","23:16:14","Cuzco","Peru","-13.518100491831436","-71.98642012078025","62","21.546","80.743645","88","0","school"
"3083","2025-01-10","03:57:28","Phuket","Thailand","7.820961854962905","98.30106360268802","194","16.0975","61.721603","21","0.1","bar"
"3084","2025-01-09","19:57:05","Phuket","Thailand","7.820951084172667","98.30107007906426","194","15.247499","57.85631","100","0","bar"
"3085","2025-09-07","11:49:30","Ancash","Peru","-9.529183502480397","-77.52548812542761","727","24.222","44.35947","5","0","restaurant"
"3087","2025-04-13","21:41:32","Shizuoka","Japan","35.31353759765625","138.9262905898776","129","25.724499","52.14256","6","0","lodging"
"3088","2025-01-06","01:22:29","Chang Wat Chiang Rai","Thailand","19.898981165976338","99.82528429404512","194","11.1975","72.0602","100","0","lodging"
"3089","2025-01-06","00:33:33","Chang Wat Chiang Rai","Thailand","19.898981","99.825284","194","11.1975","72.0602","100","0","lodging"
"3091","2025-07-25","08:02:01","Pichincha","Ecuador","-0.1856666647409117","-78.48161884982629","56","27.5995","82.00653","100","0.1","restaurant"
"3092","2025-09-07","11:28:07","Ancash","Peru","-9.529183502400436","-77.52548813120198","727","26.072","41.7481","18","0","food"
"3093","2025-09-07","11:56:46","Ancash","Peru","-9.529183502458952","-77.52548812696872","727","24.622002","44.912193","59","0","food"
"3094","2025-08-23","23:18:44","Cuzco","Peru","-13.518095","-71.986422","62","21.796","81.79494","82","0","school"
"3095","2025-04-12","14:06:44","Shizuoka","Japan","35.31353759765625","138.92629253112193","691","17.9045","67.06375","0","0","lodging"
"3096","2025-04-13","12:06:12","Shizuoka","Japan","35.31353759765625","138.92629191416253","691","13.8545","76.56061","2","0","lodging"
"3099","2025-05-04","22:20:33","Siem Reap Province","Cambodia","13.350051879882812","103.85730615336536","8","26.7205","67.77522","100","0","store"
"3100","2025-05-04","22:18:32","Siem Reap Province","Cambodia","13.35003662109375","103.85730475496608","8","27.1205","63.19443","100","0","veterinary_care"
"3101","2025-01-30","09:38:40","Rajasthan","India","26.899703979492188","75.76868995779326","33","-1.127","37.64305","0","0","health"
"3102","2025-07-25","01:14:31","Pichincha","Ecuador","-0.1856669639081157","-78.48161880394974","56","27.5995","82.00653","100","0.1","restaurant"
"3104","2025-09-07","11:23:31","Ancash","Peru","-9.529183502329431","-77.52548813631854","727","26.072","41.7481","18","0","restaurant"
"3106","2024-11-19","21:52:45","Seoul","South Korea","37.57210998553697","126.98812793904597","205","3.8655","92.858406","36","0","health"
"3107","2025-02-25","09:36:51","Thanh pho Hue","Vietnam","16.340029848562807","107.95386169535068","13","28.6805","45.14316","0","0","health"
"3108","2025-07-20","19:50:58","Quindio","Colombia","4.635202220115088","-75.57054456690098","38","28.713501","73.97245","100","0","lodging"
"3109","2025-04-13","21:27:31","Shizuoka","Japan","35.313568115234375","138.9263263152587","129","23.724499","57.823544","5","0","lodging"
"3112","2025-04-22","16:39:57","Hu Nan Sheng","China","29.346230990183937","110.54655484572442","129","25.474499","68.80139","1","0","lodging"
"3114","2025-04-13","21:00:43","Shizuoka","Japan","35.313573815287555","138.92632587678162","129","27.124498","48.4737","57","0","lodging"
"3115","2025-04-13","20:01:55","Shizuoka","Japan","35.31356958283624","138.92632675009023","129","23.724499","57.823544","5","0","lodging"
"3116","2025-01-04","22:08:32","Chang Wat Chiang Rai","Thailand","19.898968010271854","99.82532256421491","194","10.4475","70.92846","100","0","lodging"
"3118","2025-01-05","00:33:53","Chang Wat Chiang Rai","Thailand","19.898989559953097","99.82528603707902","194","10.4475","70.92846","100","0","lodging"
"3119","2025-02-09","04:31:36","Ho Chi Minh","Vietnam","10.785881042480469","106.6952103707545","61","0.541","60.118008","41","0","store"
"3120","2025-04-21","11:49:35","Hu Nan Sheng","China","29.346258175062957","110.546550019524","129","23.874498","70.01385","2","0","lodging"
"3122","2025-02-09","00:35:46","Ho Chi Minh","Vietnam","10.785884","106.69521","61","0.19100001","60.490467","0","0","store"
"3123","2025-02-09","04:47:53","Ho Chi Minh","Vietnam","10.785883505984536","106.6952103707545","61","-0.109","63.497692","0","0","cafe"
"3124","2025-01-04","22:36:19","Chang Wat Chiang Rai","Thailand","19.898964892362716","99.82528953209211","194","9.2975","73.98884","100","0","lodging"
"3125","2025-01-05","17:32:17","Chang Wat Chiang Rai","Thailand","19.898971557617188","99.82528329664606","194","10.997499","71.77462","100","0","lodging"
"3126","2025-09-07","13:09:46","Ancash","Peru","-9.529183502044946","-77.52548815677709","727","22.672","53.41031","0","0","restaurant"
"3127","2025-09-07","13:24:33","Ancash","Peru","-9.529183502125708","-77.52548815095956","727","29.872002","31.938787","100","0","food"
"3128","2025-09-07","13:15:20","Ancash","Peru","-9.529183502183704","-77.52548814678266","727","26.072","41.7481","18","0","restaurant"
"3129","2025-09-07","12:40:11","Ancash","Peru","-9.529183502265717","-77.52548814087642","727","26.072","41.7481","18","0","food"
"3130","2025-08-25","08:19:58","Cuzco","Peru","-13.518083728198222","-71.98644338567294","62","22.796","82.94263","82","0","school"
"3132","2025-02-14","16:40:49","Thanh pho Hue","Vietnam","16.462127685546875","107.59826538202836","48","15.591499","50.660908","100","0","courthouse"
"3133","2025-02-14","14:58:45","Thanh pho Hue","Vietnam","16.462256437043223","107.5981211973911","48","16.0915","44.970253","100","0","local_government_office"
"3134","2025-02-25","05:42:54","Thanh pho Hue","Vietnam","16.340057373046875","107.95381891902568","5","31.8195","40.160137","41","0","health"
"3135","2025-02-23","10:55:30","Thanh pho Hue","Vietnam","16.340059691367674","107.95383208545508","5","31.5195","41.2408","100","0","health"
"3139","2025-02-25","05:28:33","Thanh pho Hue","Vietnam","16.34002685546875","107.95386172935754","5","32.169502","39.497242","96","0","health"
"3140","2025-01-05","20:44:37","Chang Wat Chiang Rai","Thailand","19.898959","99.82532","194","7.4474998","80.71132","93","0","lodging"
"3141","2025-01-13","19:42:16","Chang Wat Surat Thani","Thailand","9.470611572265623","100.0482636928183","728","5.4824996","86.0352","0","0","restaurant"
"3147","2025-02-25","05:35:12","Thanh pho Hue","Vietnam","16.340099969273375","107.95383808463548","5","30.8195","43.32891","76","0","health"
"3149","2025-02-20","14:53:54","Quang Nam","Vietnam","15.88920371273733","108.32959661581768","7","29.3565","53.902676","6","0","lodging"
"3150","2025-02-24","08:56:45","Thanh pho Hue","Vietnam","16.340026661585046","107.9538630034424","13","26.880499","51.940754","0","0","health"
"3151","2025-02-24","16:52:23","Thanh pho Hue","Vietnam","16.34002646271179","107.95386295485842","13","21.1805","66.22489","0","0","health"
"3152","2025-05-04","13:44:42","Siem Reap Province","Cambodia","13.350031537906723","103.85727722253796","8","27.6205","70.927","100","0.4","pharmacy"
"3153","2025-02-14","12:43:21","Thanh pho Hue","Vietnam","16.46199928741809","107.59846222196678","48","11.7915","63.958782","100","0","courthouse"
"3154","2025-05-04","23:11:12","Siem Reap Province","Cambodia","13.350033397942765","103.85729299334058","7","25.677","76.22383","98","0.1","health"
"3155","2025-01-10","23:42:17","Chang Wat Surat Thani","Thailand","9.470710754394531","100.04826929012144","728","5.1324997","90.671875","21","0","spa"
"3156","2025-04-22","20:53:42","Hu Nan Sheng","China","29.34620388967563","110.54659295344358","129","21.8245","76.57555","15","0","lodging"
"3158","2025-05-04","21:52:45","Siem Reap Province","Cambodia","13.350018007868965","103.85729670290448","7","24.577002","74.88363","4","0","pharmacy"
"3159","2025-01-12","12:57:29","Chang Wat Surat Thani","Thailand","9.470710754394531","100.04827082424036","728","5.4325","89.743195","22","0","spa"
"3160","2025-03-27","16:42:25","Oita","Japan","33.279022216796875","131.49890304530666","403","23.788","52.488213","11","0","sublocality"
"3161","2025-03-27","14:01:30","Oita","Japan","33.27900959317689","131.49890589484386","403","23.788","52.488213","11","0","sublocality_level_4"
"3162","2025-04-23","00:02:41","Hu Nan Sheng","China","29.34628295898437","110.54660644900272","129","22.3245","74.98317","12","0","lodging"
"3163","2025-04-23","00:10:28","Hu Nan Sheng","China","29.34629480295156","110.54660644911264","129","23.874498","70.01385","2","0","lodging"
"3164","2025-08-13","00:51:54","Islas Galapagos","Ecuador","-0.742108790233322","-90.31645723297096","62","28.796","48.45292","7","0","finance"
"3165","2025-08-12","21:37:29","Islas Galapagos","Ecuador","-0.7421099358373037","-90.31645761884816","62","28.796","48.45292","7","0","finance"
"3166","2024-11-19","21:25:35","Seoul","South Korea","37.57213376730012","126.98816953733632","205","4.0155","92.21151","0","0","food"
"3167","2025-01-11","20:13:28","Chang Wat Surat Thani","Thailand","9.470710754394531","100.04827281907666","728","5.5325","86.344376","0","0","spa"
"3168","2025-01-06","00:12:52","Chang Wat Chiang Rai","Thailand","19.89894617160465","99.82527845791245","194","6.2974997","86.42241","99","0","lodging"
"3169","2025-02-07","04:00:13","Ho Chi Minh","Vietnam","10.785881042480469","106.69522327304388","61","4.991","43.850945","0","0","cafe"
"3170","2025-02-07","03:58:05","Ho Chi Minh","Vietnam","10.785881042480469","106.69522351914954","30","2.0425","75.65811","0","0","food"
"3171","2025-01-30","09:43:51","Rajasthan","India","26.899675029775544","75.76857113540012","33","-0.577","57.118126","99","0","health"
"3172","2025-01-30","09:34:50","Rajasthan","India","26.8996963143262","75.76854647867316","33","4.1730003","28.042095","0","0","health"
"3173","2025-07-21","11:14:44","Quindio","Colombia","4.635208179720326","-75.57054309774699","38","31.0135","54.14667","100","0","lodging"
"3174","2025-03-27","14:13:07","Oita","Japan","33.279115","131.498891","403","24.938","48.67589","32","0","sublocality_level_4"
"3175","2025-02-25","07:21:44","Thanh pho Hue","Vietnam","16.34010247130287","107.95382415200638","5","28.119501","55.82561","1","0","health"
"3176","2025-01-14","00:57:20","Chang Wat Surat Thani","Thailand","9.470631624362564","100.04825003274097","728","7.3824997","82.41357","0","0","food"
"3177","2025-01-14","00:39:31","Chang Wat Surat Thani","Thailand","9.470630396539908","100.04827182046382","728","8.4825","79.73881","0","0","food"
"3178","2025-01-11","13:26:59","Chang Wat Surat Thani","Thailand","9.470710754394531","100.04827221928312","728","5.5325","86.344376","0","0","spa"
"3179","2025-01-11","16:06:29","Chang Wat Surat Thani","Thailand","9.470710754394531","100.04827228283182","728","6.1825","81.680504","4","0","spa"
"3180","2025-08-24","20:37:27","Cuzco","Peru","-13.518073668152525","-71.98642783385515","62","22.246","84.4394","77","0","school"
"3182","2025-07-20","23:32:43","Quindio","Colombia","4.635199556268328","-75.57054034452146","38","28.713501","73.97245","100","0","lodging"
"3183","2025-01-04","21:57:06","Chang Wat Chiang Rai","Thailand","19.898981904225884","99.82530615630652","194","10.0975","74.13089","100","0","lodging"
"3185","2025-04-22","21:19:11","Hu Nan Sheng","China","29.34626979816604","110.54656606766606","129","25.224499","67.05688","0","0","lodging"
"3186","2025-01-03","13:47:04","Chang Wat Chiang Mai","Thailand","18.792984797236613","98.9927771021277","194","10.9475","63.09986","0","0","store"
"3189","2025-07-17","15:01:35","Bolivar","Colombia","10.405269617576952","-75.55409062192373","37","23.87","98.21034","100","0","transit_station"
"3191","2025-07-17","12:57:40","Bolivar","Colombia","10.405246797462908","-75.55406040341424","37","23.27","97.31417","100","0","transit_station"
"3192","2025-03-27","15:23:57","Oita","Japan","33.27907353063064","131.49892777039116","403","24.637999","48.437153","56","0","sublocality_level_4"
"3193","2025-01-03","17:47:25","Chang Wat Chiang Mai","Thailand","18.792999267578125","98.99277113278524","174","9.266999","84.6643","0","0","night_club"
"3197","2025-04-13","12:24:06","Shizuoka","Japan","35.313544286888515","138.92629236832155","691","13.6045","76.52044","0","0","lodging"
"3199","2025-01-05","23:13:18","Chang Wat Chiang Rai","Thailand","19.898938574453357","99.82528706031894","194","7.4474998","80.71132","93","0","lodging"
"3200","2025-05-04","23:07:05","Siem Reap Province","Cambodia","13.350006034829336","103.85728690032246","8","25.6705","76.22282","100","0","pharmacy"
"3201","2025-07-31","15:14:14","Pichincha","Ecuador","-0.1856593106205736","-78.48159670773242","56","22.8495","94.09933","100","0.1","restaurant"
"3202","2025-05-04","23:27:46","Siem Reap Province","Cambodia","13.350013732910156","103.85729139818844","7","25.577002","74.35645","98","0.1","veterinary_care"
"3203","2025-05-05","02:02:55","Siem Reap Province","Cambodia","13.350011640686269","103.85728253613338","8","27.070501","65.37634","100","0","health"
"3204","2025-04-22","22:18:15","Hu Nan Sheng","China","29.346270924558223","110.5466088849002","129","23.874498","70.01385","2","0","lodging"
"3205","2025-05-31","22:23:04","Ciudad Autonoma de Buenos Aires","Argentina","-34.60422521017172","-58.37633392455304","31","24.407","93.035576","90","0","lodging"
"3206","2025-06-01","11:22:19","Ciudad Autonoma de Buenos Aires","Argentina","-34.60422090233061","-58.37633890003556","31","29.907","62.63974","18","0.1","lodging"
"3209","2025-07-17","03:28:17","Bolivar","Colombia","10.405251","-75.55399","37","23.87","98.21034","100","0","transit_station"
"3210","2025-07-17","13:47:29","Bolivar","Colombia","10.4052571027466","-75.55396530244646","37","23.720001","97.02958","100","0","transit_station"
"3213","2025-06-01","00:39:35","Ciudad Autonoma de Buenos Aires","Argentina","-34.60423019236788","-58.37631708074224","31","29.507","63.32171","94","0.1","transit_station"
"3215","2025-05-05","00:57:09","Siem Reap Province","Cambodia","13.350021362304688","103.8572853268413","7","26.077002","69.992455","73","0","pharmacy"
"3216","2025-05-08","00:20:26","Siem Reap Province","Cambodia","13.350021362304688","103.85727655586118","7","24.977001","74.027435","63","0","health"
"3219","2025-04-13","12:12:48","Shizuoka","Japan","35.31354477487033","138.9262919141615","129","23.724499","57.823544","5","0","lodging"
"3220","2025-04-13","10:29:54","Shizuoka","Japan","35.313545","138.926292","129","25.724499","52.14256","6","0","lodging"
"3221","2025-04-12","23:53:35","Shizuoka","Japan","35.31354499484395","138.92629252745536","691","17.9045","67.06375","0","0","lodging"
"3222","2025-04-12","23:53:04","Shizuoka","Japan","35.313545","138.926293","691","18.004501","69.32925","0","0","lodging"
"3227","2025-08-23","02:18:50","Cuzco","Peru","-13.518105075012626","-71.98642084537356","62","25.246","72.48613","80","0","school"
"3232","2025-08-23","02:29:00","Cuzco","Peru","-13.518105712169096","-71.98641977877332","1146","15.087501","74.74367","84","0","school"
"3234","2025-07-21","03:51:20","Quindio","Colombia","4.635212939293185","-75.57053332835805","38","28.713501","73.97245","100","0","lodging"
"3237","2025-01-03","13:51:29","Chiang Mai","Thailand","18.79294150520428","98.9927682775657","194","9.747499","69.081345","0","0","store"
"3238","2025-01-12","15:12:55","Chang Wat Surat Thani","Thailand","9.470720359670192","100.04827086167217","728","6.1825","81.680504","4","0","spa"
"3239","2025-01-13","01:21:52","Chang Wat Surat Thani","Thailand","9.470722244780532","100.04827021185427","728","6.1825","81.680504","4","0","spa"
"3240","2025-01-13","03:22:58","Chang Wat Surat Thani","Thailand","9.470723","100.04827","728","5.3325","87.24268","0","0","spa"
"3241","2025-01-14","02:47:54","Chang Wat Surat Thani","Thailand","9.470724077108416","100.04826924392648","728","5.3325","87.24268","0","0","spa"
"3242","2025-04-22","19:13:56","Hu Nan Sheng","China","29.346258862770224","110.54657539034234","129","24.3245","70.098785","0","0","lodging"
"3247","2025-02-07","03:43:07","Ho Chi Minh","Vietnam","10.785887410290858","106.6952232729844","61","3.591","48.183117","0","0","food"
"3252","2025-01-04","22:53:50","Chang Wat Chiang Rai","Thailand","19.89896975920452","99.82530230794588","194","10.4475","70.92846","100","0","lodging"
"3260","2024-11-16","18:25:29","Seoul","South Korea","37.57208251953125","126.98817209958048","205","11.3654995","57.683926","100","0","health"
"3261","2024-11-18","02:55:24","Seoul","South Korea","37.57208251953125","126.98817284683118","205","2.7154999","97.89217","48","0","health"
"3262","2024-11-19","21:55:26","Seoul","South Korea","37.572103","126.988148","205","3.0655","96.176506","45","0","health"
"3263","2025-01-04","02:02:39","Chang Wat Chiang Mai","Thailand","18.79300575420283","98.99274183675554","194","10.9475","63.09986","0","0","night_club"
"3264","2025-02-06","15:31:17","Ho Chi Minh","Vietnam","10.785886437056492","106.69522333376187","30","3.6925","75.11901","0","0","cafe"
"3265","2025-04-22","21:02:13","Hu Nan Sheng","China","29.3462507321646","110.54657374796484","129","25.474499","68.80139","1","0","lodging"
"3266","2025-03-27","19:11:39","Oita","Japan","33.279052734375","131.49892754980243","403","19.887999","66.16825","4","0","political"
"3267","2024-11-19","21:56:50","Seoul","South Korea","37.57208251953125","126.98813835281922","205","3.5154998","95.17371","48","0","health"
"3270","2025-08-23","02:24:58","Cuzco","Peru","-13.518102990820845","-71.98642198233019","1146","15.087501","74.74367","84","0","school"
"3272","2025-01-11","22:59:35","Chang Wat Surat Thani","Thailand","9.470717159258689","100.04827177752216","728","6.1825","81.680504","4","0","spa"
"3273","2025-01-14","02:43:42","Chang Wat Surat Thani","Thailand","9.470718383789062","100.04826924392648","728","6.3325","78.864555","0","0","spa"
"3275","2025-02-25","00:19:23","Thanh pho Hue","Vietnam","16.340072","107.953816","5","32.169502","39.497242","96","0","health"
"3276","2025-02-23","06:50:46","Thanh pho Hue","Vietnam","16.340076520840594","107.9538161916405","5","29.8195","47.210636","6","0","health"
"3277","2025-02-07","03:02:53","Ho Chi Minh","Vietnam","10.785886757916016","106.6952232725611","61","5.991","40.137737","0","0","store"
"3278","2025-02-07","02:58:36","Ho Chi Minh","Vietnam","10.785887","106.695223","61","4.1410003","47.430897","0","0","cafe"
"3279","2025-01-12","21:26:57","Chang Wat Surat Thani","Thailand","9.470718206965527","100.04827328313112","728","6.1825","81.680504","4","0","spa"
"3280","2025-01-29","11:16:47","Rajasthan","India","26.899669908545395","75.76861503625406","33","0.523","67.36881","99","0","doctor"
"3283","2025-07-21","03:48:20","Quindio","Colombia","4.635217998013856","-75.57052913804976","38","30.463501","59.23055","100","0","lodging"
"3285","2025-03-27","23:36:37","Oita","Japan","33.27907168406339","131.49889550950903","403","24.538","47.313755","13","0","sublocality"
"3286","2025-02-24","18:29:04","Thanh pho Hue","Vietnam","16.340067144795178","107.953824621449","5","31.8195","40.160137","41","0","health"
"3287","2025-01-11","18:41:48","Chang Wat Surat Thani","Thailand","9.470717","100.048273","728","6.1825","81.680504","4","0","spa"
"3289","2025-08-23","01:35:59","Cuzco","Peru","-13.51810365341915","-71.98642159483055","62","21.546","80.743645","88","0","school"
"3290","2025-08-23","01:57:17","Cuzco","Peru","-13.51810412353605","-71.986421517209","1146","15.087501","74.74367","84","0","school"
"3291","2025-02-24","21:31:49","Thanh pho Hue","Vietnam","16.34008261674453","107.95382874509951","5","31.5195","41.2408","100","0","health"
"3292","2025-01-13","02:58:49","Chang Wat Surat Thani","Thailand","9.470718383789062","100.04827181531132","728","4.6825","91.28141","0","0","spa"
"3293","2024-11-17","07:14:44","Seoul","South Korea","37.57208251953125","126.98817036971012","205","6.7155004","78.090706","46","0","health"
"3294","2024-11-17","02:46:42","Seoul","South Korea","37.57208251953125","126.98817036971548","205","7.2655","80.686","18","0","health"
"3295","2024-11-19","21:29:50","Seoul","South Korea","37.57209114609039","126.98814038027608","205","7.2655","80.686","18","0","health"
"3297","2025-01-11","18:12:25","Chang Wat Surat Thani","Thailand","9.470715112451506","100.04827135337044","728","4.8325","90.01311","0","0","spa"
"3298","2025-01-13","02:45:43","Chang Wat Surat Thani","Thailand","9.470718383789062","100.04826975057176","728","6.1825","81.680504","4","0","spa"
"3299","2025-04-22","22:42:56","Hu Nan Sheng","China","29.346248798259104","110.5466076561946","129","24.3245","70.098785","0","0","lodging"
"3301","2025-02-24","22:28:16","Thanh pho Hue","Vietnam","16.340087890625","107.95383822808124","5","29.8195","47.210636","6","0","health"
"3302","2025-01-05","19:46:44","Chang Wat Chiang Rai","Thailand","19.898942","99.825324","194","6.2974997","86.42241","99","0","lodging"
"3303","2025-01-29","13:17:24","Rajasthan","India","26.89970623844075","75.7686296643315","33","5.623","24.047419","0","0","doctor"
"3304","2025-06-01","10:52:03","Ciudad Autonoma de Buenos Aires","Argentina","-34.604224","-58.376286","31","28.307001","71.267586","92","0.1","transit_station"
"3305","2025-05-30","23:19:04","Ciudad Autonoma de Buenos Aires","Argentina","-34.60422940632454","-58.376306874029005","31","23.307001","85.86562","22","0","transit_station"
"3306","2025-05-31","11:59:09","Ciudad Autonoma de Buenos Aires","Argentina","-34.604227651711845","-58.376308304393326","19","25.454","87.91622","100","0","transit_station"
"3310","2025-02-15","23:25:28","Thanh pho Hue","Vietnam","16.46141579724023","107.59815858815485","48","11.9915","61.601807","100","0","store"
"3312","2025-02-14","12:54:09","Thanh pho Hue","Vietnam","16.461947743531578","107.5983039757263","35","4.676","86.56293","91","0","courthouse"
"3313","2025-01-11","13:36:08","Chang Wat Surat Thani","Thailand","9.470715661703036","100.04827221781092","728","4.8325","90.01311","0","0","spa"
"3314","2025-01-12","01:01:31","Chang Wat Surat Thani","Thailand","9.470718383789062","100.04827110712408","728","5.5325","86.344376","0","0","spa"
"3315","2025-01-13","03:22:43","Chang Wat Surat Thani","Thailand","9.470718383789062","100.04827072949116","728","6.1825","81.680504","4","0","spa"
"3317","2025-01-11","16:22:40","Chang Wat Surat Thani","Thailand","9.470716","100.048272","728","5.9325","86.38525","1","0","spa"
"3318","2025-01-11","16:51:02","Chang Wat Surat Thani","Thailand","9.47071647534596","100.04827228283182","728","6.1825","81.680504","4","0","spa"
"3319","2025-08-14","18:11:55","Islas Galapagos","Ecuador","-0.7420992180451218","-90.3164524586098","62","30.696","43.432877","5","0","finance"
"3321","2025-08-15","02:22:17","Islas Galapagos","Ecuador","-0.7420975862724676","-90.31645280284414","62","30.696","43.432877","5","0","finance"
"3324","2025-01-05","22:57:56","Chang Wat Chiang Rai","Thailand","19.898941040039062","99.82530544316565","194","6.0474997","89.79125","99","0","lodging"
"3325","2025-01-29","16:28:04","Rajasthan","India","26.899673461914062","75.76863173011915","33","-0.577","57.118126","99","0","health"
"3326","2025-01-30","09:30:20","Rajasthan","India","26.899657","75.768642","33","0.573","70.22829","24","0","health"
"3327","2025-01-30","02:00:02","Rajasthan","India","26.899645916370403","75.76862600345088","33","1.423","47.362373","10","0","doctor"
"3328","2025-01-29","13:37:45","Rajasthan","India","26.8996548537586","75.7685921448797","33","0.773","49.241997","65","0","health"
"3329","2025-07-31","09:54:25","Pichincha","Ecuador","-0.1856582439523662","-78.48160176058865","56","24.7495","95.606804","100","2.1","food"
"3330","2025-03-27","19:26:15","Oita","Japan","33.279052562142546","131.49888040729022","403","19.438","65.85769","5","0","sublocality"
"3331","2024-11-19","20:31:00","Seoul","South Korea","37.572104406966346","126.98816688751454","205","7.2155004","71.29932","100","0","health"
"3332","2024-11-19","17:48:06","Seoul","South Korea","37.57211636081264","126.98816596629692","205","4.7655","90.645485","9","0","food"
"3333","2025-03-01","15:40:26","Ha Noi","Vietnam","21.03451538085937","105.85179473578468","13","29.880499","37.141582","5","0","store"
"3335","2025-08-14","13:16:09","Islas Galapagos","Ecuador","-0.7420973831556714","-90.31645112269888","62","30.696","43.432877","5","0","finance"
"3336","2024-11-16","22:00:20","Seoul","South Korea","37.57209025839028","126.9881670556258","205","4.0155","92.21151","0","0","health"
"3337","2025-08-15","03:31:35","Islas Galapagos","Ecuador","-0.7420961566709117","-90.31645049799552","62","32.046","39.58893","3","0","finance"
"3339","2025-08-13","17:29:08","Islas Galapagos","Ecuador","-0.7421027314156086","-90.31645698628304","62","30.696","43.432877","5","0","finance"
"3340","2024-11-22","01:25:36","Seoul","South Korea","37.57208251953125","126.98815361755408","205","2.6155","96.16274","5","0","health"
"3341","2024-11-19","20:58:39","Seoul","South Korea","37.572113037109375","126.98814630850131","205","3.8655","92.858406","36","0","health"
"3343","2025-01-05","23:37:13","Chang Wat Chiang Rai","Thailand","19.898935","99.825319","194","7.4474998","80.71132","93","0","lodging"
"3344","2025-01-05","23:42:22","Chang Wat Chiang Rai","Thailand","19.898951000754952","99.82529976298488","194","7.4474998","80.71132","93","0","lodging"
"3345","2025-03-01","14:49:19","Ha Noi","Vietnam","21.034538059955857","105.8518271165394","13","29.880499","37.141582","5","0","food"
"3347","2024-11-21","20:40:56","Seoul","South Korea","37.57208251953125","126.98815473253477","205","14.315499","55.279816","100","0","health"
"3348","2024-11-21","23:55:54","Seoul","South Korea","37.57208251953125","126.98815486388804","205","14.1655","54.289154","100","0","health"
"3349","2025-02-25","01:13:28","Thanh pho Hue","Vietnam","16.340088207864213","107.9538355150168","5","28.869501","52.120914","3","0","health"
"3350","2025-04-22","22:45:09","Hu Nan Sheng","China","29.346221923828125","110.54660828054011","129","21.8245","76.57555","15","0","lodging"
"3351","2025-07-31","02:00:35","Pichincha","Ecuador","-0.1856622562498902","-78.48160350187597","56","24.5495","97.339455","100","1.3","restaurant"
"3354","2025-03-01","12:46:51","Ha Noi","Vietnam","21.034500122070312","105.85185917287563","13","30.8305","35.28797","7","0","store"
"3355","2024-11-19","18:52:27","Seoul","South Korea","37.572113941078506","126.98815300725026","205","4.1655","91.24646","9","0","health"
"3356","2025-01-30","01:48:34","Rajasthan","India","26.899734497070312","75.7687159399764","33","0.573","70.22829","24","0","health"
"3357","2025-02-14","16:11:54","Thanh pho Hue","Vietnam","16.462011698976927","107.59820394055156","48","12.341499","63.641357","98","0","courthouse"
"3358","2025-03-27","23:56:05","Oita","Japan","33.27906179737719","131.49891487581513","403","24.637999","48.437153","56","0","political"
"3359","2024-11-16","21:07:00","Seoul","South Korea","37.572103737487225","126.9881706365514","205","11.565499","56.32614","4","0","health"
"3360","2024-11-19","19:11:18","Seoul","South Korea","37.572105998359945","126.98817023677012","205","11.3654995","57.683926","100","0","health"
"3361","2025-01-03","13:25:00","Chang Wat Chiang Mai","Thailand","18.792960207675776","98.99275723190316","194","14.747499","51.140003","72","0","store"
"3362","2025-01-03","13:53:38","Chang Wat Chiang Mai","Thailand","18.79297028623015","98.9927683876013","194","14.747499","51.140003","72","0","store"
"3363","2024-11-21","16:55:52","Seoul","South Korea","37.57208251953125","126.98815758358316","205","11.5155","56.313217","99","0","health"
"3365","2024-11-20","02:31:31","Seoul","South Korea","37.57208251953125","126.98815848586644","205","6.5655003","72.71377","99","0","health"
"3368","2024-11-19","22:05:33","Seoul","South Korea","37.57208251953125","126.98815792717566","205","3.0154998","94.47957","73","0","health"
"3369","2024-11-21","08:25:37","Seoul","South Korea","37.57208251953125","126.98815817590116","205","6.5155","75.33984","40","0","health"
"3371","2024-11-19","21:02:45","Seoul","South Korea","37.572113037109375","126.98816751896462","205","2.5655","96.504715","61","0","food"
"3372","2024-11-19","19:13:23","Seoul","South Korea","37.57211162242244","126.98816835512444","205","11.5155","56.313217","99","0","cafe"
"3375","2025-01-04","02:32:52","Chang Wat Chiang Mai","Thailand","18.79299237038405","98.99275595901008","194","14.0975","54.840714","47","0","night_club"
"3376","2025-04-22","22:36:21","Hu Nan Sheng","China","29.34623651358363","110.54659244113073","129","21.8245","76.57555","15","0","lodging"
"3377","2025-04-22","22:40:48","Hu Nan Sheng","China","29.346223574530637","110.5465887665066","129","24.3245","70.098785","0","0","lodging"
"3378","2025-07-27","10:09:08","Pichincha","Ecuador","-0.1856639365535396","-78.48160962902702","56","24.7495","95.606804","100","2.1","restaurant"
"3381","2025-05-30","12:44:27","Ciudad Autonoma de Buenos Aires","Argentina","-34.604226241959616","-58.376322800949744","31","29.607","62.19289","11","0","transit_station"
"3382","2024-11-17","08:10:29","Seoul","South Korea","37.5720966448996","126.98817307771058","205","6.5155","77.23465","100","0","health"
"3385","2024-11-19","21:17:20","Seoul","South Korea","37.57209635396302","126.98814870904404","205","2.6155","96.16274","5","0","health"
"3386","2024-11-22","01:48:41","Seoul","South Korea","37.57209978448705","126.98815361755408","205","3.0154998","94.47957","73","0","health"
"3388","2025-08-13","18:02:49","Islas Galapagos","Ecuador","-0.7421030250366433","-90.316454193708","62","30.696","43.432877","5","0","finance"
"3392","2024-11-18","02:40:24","Seoul","South Korea","37.572096024122125","126.98817275426116","205","6.5155","77.23465","100","0","health"
"3393","2024-11-18","03:08:46","Seoul","South Korea","37.57209603380896","126.98817284682812","205","6.5155","77.23465","100","0","health"
"3394","2025-03-01","19:13:57","Ha Noi","Vietnam","21.0345117465512","105.85187304092854","13","30.8305","35.28797","7","0","store"
"3407","2024-11-18","16:40:41","Seoul","South Korea","37.57210025427941","126.9881585404248","205","6.5155","75.33984","40","0","health"
"3408","2025-03-01","22:00:12","Ha Noi","Vietnam","21.03452358303417","105.85181983570382","13","29.880499","37.141582","5","0","cafe"
"3409","2025-03-01","15:08:33","Ha Noi","Vietnam","21.034500122070312","105.85184378850025","13","22.2305","62.712288","98","0","food"
"3410","2025-03-01","00:14:29","Ha Noi","Vietnam","21.034500122070312","105.85182724830408","13","22.630499","61.403458","87","0","store"
"3411","2025-02-25","02:11:19","Thanh pho Hue","Vietnam","16.340072631835938","107.95382824801057","5","31.8195","40.160137","41","0","health"
"3412","2025-01-02","18:42:03","Chang Wat Chiang Mai","Thailand","18.792999267578125","98.99273291828382","174","11.467","74.37153","0","0","laundry"
"3413","2025-03-27","23:16:08","Oita","Japan","33.279058","131.498905","403","19.438","65.85769","5","0","sublocality_level_4"
"3414","2024-12-31","09:20:49","Chang Wat Chiang Mai","Thailand","18.79295262334919","98.99273361056926","174","11.516999","68.015724","9","0","store"
"3415","2025-01-03","07:21:12","Chang Wat Chiang Mai","Thailand","18.793001","98.992733","194","7.6475","80.73908","99","0","laundry"
"3416","2025-01-03","07:32:22","Chang Wat Chiang Mai","Thailand","18.79300101503526","98.99273291828382","194","7.6475","80.73908","99","0","laundry"
"3420","2025-07-29","23:28:28","Pichincha","Ecuador","-0.185664","-78.481605","7","32.3135","40.93758","16","0","food"
"3421","2025-07-21","04:14:41","Quindio","Colombia","4.635214902326698","-75.57053596208173","38","30.463501","59.23055","100","0","lodging"
"3422","2025-05-31","22:52:43","Ciudad Autonoma de Buenos Aires","Argentina","-34.604217529296875","-58.37634255039608","33","25.935999","81.803665","100","0","lodging"
"3425","2025-02-24","20:28:54","Thanh pho Hue","Vietnam","16.340072631835938","107.9538233272492","5","32.169502","39.497242","96","0","health"
"3428","2024-11-21","16:40:38","Seoul","South Korea","37.57209672643923","126.98815758358316","205","6.5655003","72.71377","99","0","health"
"3434","2024-11-19","22:18:47","Seoul","South Korea","37.572097","126.988158","205","7.2155004","73.61402","100","0","health"
"3435","2025-02-24","04:12:10","Thanh pho Hue","Vietnam","16.340072631835938","107.95382492923493","5","31.5195","41.2408","100","0","health"
"3436","2025-02-24","13:48:57","Thanh pho Hue","Vietnam","16.340072631835938","107.9538256349686","5","28.119501","55.82561","1","0","health"
"3437","2025-08-14","00:19:48","Islas Galapagos","Ecuador","-0.742102511892195","-90.31645356779592","62","30.696","43.432877","5","0","finance"
"3441","2024-11-19","22:18:45","Seoul","South Korea","37.57209733749831","126.98815792717566","205","7.2155004","71.29932","100","0","health"
"3442","2024-11-21","08:32:57","Seoul","South Korea","37.5720975463238","126.98815817590116","205","11.2155","68.18879","100","0","health"
"3443","2024-11-20","02:33:39","Seoul","South Korea","37.57209796575117","126.98815848586644","205","8.9655","70.88718","100","0","health"
"3444","2024-11-19","23:39:13","Seoul","South Korea","37.572098","126.988158","205","8.065499","72.2249","100","0","health"
"3445","2024-11-17","02:50:56","Seoul","South Korea","37.57209553391684","126.98817036971548","205","9.9655","64.44268","28","0","health"
"3447","2024-11-17","07:00:18","Seoul","South Korea","37.57209553390258","126.9881703696982","205","6.8655","78.667114","8","0","health"
"3450","2025-07-30","02:06:18","Pichincha","Ecuador","-0.1856640732881053","-78.48160494493962","7","31.1135","44.37899","8","0","restaurant"
"3452","2025-01-29","23:55:09","Rajasthan","India","26.899642944335938","75.76873312552794","33","5.123","25.61343","1","0","lodging"
"3455","2025-06-01","09:13:02","Ciudad Autonoma de Buenos Aires","Argentina","-34.6042256316562","-58.37631897600666","31","26.707","82.39375","62","0","transit_station"
"3456","2025-03-01","14:33:53","Ha Noi","Vietnam","21.03450262381358","105.8518201687408","13","20.6805","69.401436","100","0","cafe"
"3457","2025-03-01","13:59:41","Ha Noi","Vietnam","21.034500122070312","105.85181637022144","13","30.8305","35.28797","7","0","restaurant"
"3460","2025-01-29","21:48:54","Rajasthan","India","26.8996921018547","75.76871246069014","33","5.7229996","24.37076","3","0","health"
"3461","2025-03-27","23:04:51","Oita","Japan","33.279053140389","131.49889560371523","403","21.038","63.466816","3","0","political"
"3462","2025-02-25","07:30:08","Thanh pho Hue","Vietnam","16.340087890625","107.95382282495538","5","28.119501","55.82561","1","0","health"
"3464","2025-07-20","15:58:45","Quindio","Colombia","4.635212696220085","-75.5705386178966","38","31.7635","53.01468","100","0","lodging"
"3465","2025-03-27","18:15:18","Oita","Japan","33.279049379921304","131.49889811236667","403","21.038","63.466816","3","0","sublocality_level_4"
"3466","2025-02-24","21:59:25","Thanh pho Hue","Vietnam","16.340084","107.953823","5","32.169502","39.497242","96","0","health"
"3467","2025-01-30","00:01:42","Rajasthan","India","26.89971608801666","75.76870714954632","33","1.423","47.362373","10","0","health"
"3469","2025-07-30","01:37:20","Pichincha","Ecuador","-0.1856640790480624","-78.48160489663337","7","31.1135","44.37899","8","0","food"
"3470","2025-07-30","03:29:09","Pichincha","Ecuador","-0.1856640235721188","-78.48160478936198","7","31.1135","44.37899","8","0","restaurant"
"3486","2025-07-27","10:29:58","Pichincha","Ecuador","-0.1856664607734743","-78.48160781282502","56","26.2495","89.312325","100","1","restaurant"
"3487","2025-01-04","02:37:11","Chang Wat Chiang Mai","Thailand","18.79298273868433","98.99274687933412","194","7.6475","87.462715","1","0","store"
"3488","2025-01-04","03:10:54","Chang Wat Chiang Mai","Thailand","18.792983","98.992747","194","7.6475","87.462715","1","0","store"
"3505","2025-07-29","06:17:36","Pichincha","Ecuador","-0.1856670988858475","-78.48160504740869","7","27.1635","61.26734","100","0","restaurant"
"3508","2025-07-29","05:36:19","Pichincha","Ecuador","-0.1856670180236988","-78.48160521481044","7","29.4135","50.48794","21","0","restaurant"
"3512","2025-07-28","22:21:04","Pichincha","Ecuador","-0.1856669792430895","-78.48160553784128","56","21.9995","99.08896","100","0","restaurant"
"3513","2025-02-24","04:30:27","Thanh pho Hue","Vietnam","16.340086079113323","107.9538254745426","5","28.869501","52.120914","3","0","health"
"3514","2025-01-04","02:57:55","Chang Wat Chiang Mai","Thailand","18.79296875","98.99274687933412","194","14.8975","49.945835","70","0","store"
"3520","2025-02-24","00:13:49","Thanh pho Hue","Vietnam","16.34009008698083","107.95382869019518","5","28.119501","55.82561","1","0","health"
"3523","2025-07-28","15:37:46","Pichincha","Ecuador","-0.1856669689917599","-78.48160591662304","56","22.9995","92.68071","100","0","restaurant"
"3524","2025-06-01","11:52:29","Ciudad Autonoma de Buenos Aires","Argentina","-34.60422698724209","-58.376305348807456","31","29.507","63.32171","94","0.1","lodging"
"3525","2025-03-27","23:06:53","Oita","Japan","33.27905371290495","131.4989000029909","403","21.038","63.466816","3","0","lodging"
"3540","2025-03-27","23:39:30","Oita","Japan","33.27905236216297","131.49889975221973","403","19.887999","66.16825","4","0","lodging"
"3541","2025-03-27","22:12:52","Oita","Japan","33.279052734375","131.4989017101979","403","18.438","70.328636","0","0","lodging"
"3544","2025-07-28","15:44:47","Pichincha","Ecuador","-0.1856669516126445","-78.48160582556447","56","22.1495","96.99479","100","0","restaurant"
"3545","2025-07-28","15:56:20","Pichincha","Ecuador","-0.1856669425503737","-78.48160575773262","56","22.0495","99.69562","100","0","food"
"3555","2025-05-31","20:00:03","Ciudad Autonoma de Buenos Aires","Argentina","-34.604217529296875","-58.37629446755836","31","28.957","61.290936","19","0","transit_station"
"3556","2025-03-27","23:45:58","Oita","Japan","33.279056","131.498902","403","16.788","78.55088","0","0","sublocality_level_4"
"3557","2025-03-27","22:48:11","Oita","Japan","33.27905589686219","131.49890158692878","403","16.788","78.55088","0","0","political"
"3563","2025-06-01","01:15:40","Ciudad Autonoma de Buenos Aires","Argentina","-34.60422127622018","-58.37628976854736","31","28.257","60.756374","33","0","lodging"
"3564","2025-03-27","12:39:10","Oita","Japan","33.27905511794094","131.49890084402912","403","19.438","65.85769","5","0","lodging"
"3565","2025-03-27","15:25:53","Oita","Japan","33.27905487182047","131.49890100262604","403","19.438","65.85769","5","0","sublocality"
"3571","2025-01-03","14:15:53","Chang Wat Chiang Mai","Thailand","18.79296875","98.99273142487284","194","10.9475","63.09986","0","0","store"
"3574","2025-02-24","19:13:38","Thanh pho Hue","Vietnam","16.340089054481957","107.95382675218312","5","28.869501","52.120914","3","0","health"
"3582","2025-08-24","03:46:12","Cuzco","Peru","-13.51805601119422","-71.98644031390445","62","34.696003","32.948593","19","0","school"
"3583","2025-08-17","02:55:08","Cuzco","Peru","-13.518054340477134","-71.98643940139426","62","24.345999","77.68067","52","0","school"
"3585","2025-01-02","19:36:40","Chang Wat Chiang Mai","Thailand","18.79296292250568","98.99273611728222","194","10.9475","63.09986","0","0","store"
"3586","2025-01-04","03:20:54","Chang Wat Chiang Mai","Thailand","18.79297849272477","98.99273335823146","194","9.747499","69.081345","0","0","store"
"3589","2025-02-25","01:59:34","Thanh pho Hue","Vietnam","16.340087890625","107.95382820836846","5","30.8195","43.32891","76","0","health"
"3590","2025-02-24","02:09:19","Thanh pho Hue","Vietnam","16.340087143901663","107.9538269591086","13","24.7305","58.99934","0","0","health"
"3593","2025-07-26","05:40:37","Pichincha","Ecuador","-0.185668","-78.481608","56","26.2495","89.312325","100","1","food"
"3595","2025-01-04","03:11:14","Chang Wat Chiang Mai","Thailand","18.79296875","98.99273609337676","194","7.2974997","76.27737","0","0","store"
"3596","2025-01-01","20:56:58","Chang Wat Chiang Mai","Thailand","18.79296875","98.99273977198528","194","8.2975","82.24444","87","0","store"
"3599","2025-07-27","06:57:27","Pichincha","Ecuador","-0.1856678896199146","-78.48160696158598","56","22.5495","96.708435","100","0.1","food"
"3600","2025-03-01","15:28:17","Ha Noi","Vietnam","21.034523174887184","105.85183205707617","13","21.3305","66.25627","99","0","store"
"3601","2025-01-01","10:52:06","Chang Wat Chiang Mai","Thailand","18.79298251506485","98.99274120470912","194","8.6975","83.44094","100","0","store"
"3602","2025-01-01","10:31:00","Chang Wat Chiang Mai","Thailand","18.792983","98.992741","194","8.2975","82.24444","87","0","store"
"3605","2025-07-28","01:09:44","Pichincha","Ecuador","-0.1856677895714337","-78.48160670768581","56","22.8495","94.09933","100","0.1","food"
"3606","2025-07-28","03:14:59","Pichincha","Ecuador","-0.1856678962206193","-78.48160660888095","56","22.9995","92.68071","100","0","restaurant"
"3608","2025-07-19","13:08:43","Quindio","Colombia","4.635215653151844","-75.57054062403178","38","30.463501","59.23055","100","0","lodging"
"3611","2025-03-01","22:14:20","Ha Noi","Vietnam","21.034522876910096","105.85185021911968","13","30.9805","37.32633","27","0","food"
"3620","2025-07-26","05:24:13","Pichincha","Ecuador","-0.1856678543456238","-78.48160785507106","56","23.9995","97.32863","100","1.8","food"
"3626","2025-06-01","10:58:28","Ciudad Autonoma de Buenos Aires","Argentina","-34.60422347023331","-58.37631847064219","0","25.8","85.590065","100","0.1","lodging"
"3627","2025-02-28","17:13:30","Ha Noi","Vietnam","21.034524432434644","105.8518650905429","13","31.0805","35.81845","0","0","store"
"3628","2025-07-26","02:41:39","Pichincha","Ecuador","-0.1856677721873549","-78.48160765620246","56","24.5495","97.339455","100","1.3","restaurant"
"3629","2025-03-01","15:02:15","Ha Noi","Vietnam","21.034526816312574","105.85184173526508","13","23.0805","59.75193","100","0","cafe"
"3630","2025-03-01","19:15:59","Ha Noi","Vietnam","21.0345304700787","105.85184128580964","13","29.880499","37.141582","5","0","restaurant"
"3631","2025-07-25","14:39:19","Pichincha","Ecuador","-0.1856677758326142","-78.48160831327678","56","26.2495","89.312325","100","1","food"
"3632","2025-07-25","14:47:32","Pichincha","Ecuador","-0.1856677839051066","-78.48160834729822","56","26.2495","89.312325","100","1","restaurant"
"3633","2025-07-27","02:10:54","Pichincha","Ecuador","-0.1856678473865775","-78.48160728700167","56","23.3495","99.39796","100","0.2","restaurant"
"3634","2025-07-27","05:13:32","Pichincha","Ecuador","-0.1856678202802071","-78.48160722769099","56","22.8495","94.09933","100","0.1","food"
"3637","2025-02-15","18:28:47","Thanh pho Hue","Vietnam","16.461983845132885","107.598055242008","48","12.0415","60.97261","100","0","park"
"3638","2025-06-01","11:43:38","Ciudad Autonoma de Buenos Aires","Argentina","-34.6042216561889","-58.37631399145629","33","26.486","82.616554","19","0.4","transit_station"
"3641","2025-07-25","22:59:58","Pichincha","Ecuador","-0.1856678172383468","-78.48160802264456","56","24.0495","97.623215","100","9.8","restaurant"
"3642","2025-07-26","02:37:22","Pichincha","Ecuador","-0.1856678075533016","-78.4816075767337","56","24.5495","97.339455","100","1.3","food"
"3643","2025-07-26","02:39:38","Pichincha","Ecuador","-0.185667872172116","-78.48160758815277","56","24.5495","97.339455","100","1.3","restaurant"
"3644","2025-07-27","00:56:59","Pichincha","Ecuador","-0.1856679414077672","-78.48160737271043","56","23.3495","99.39796","100","0.2","food"
"3645","2025-06-01","11:07:03","Ciudad Autonoma de Buenos Aires","Argentina","-34.604217529296875","-58.37628896217154","31","28.957","61.290936","19","0","lodging"
"3646","2025-07-25","22:05:41","Pichincha","Ecuador","-0.1856677588787233","-78.48160786252589","56","24.0495","97.623215","100","9.8","restaurant"
"3648","2025-07-26","00:15:15","Pichincha","Ecuador","-0.1856677762982846","-78.48160797319872","56","23.9995","97.32863","100","1.8","food"
"3649","2025-07-26","00:30:13","Pichincha","Ecuador","-0.1856677913409147","-78.48160795215146","56","23.9995","97.32863","100","1.8","restaurant"
"3650","2025-08-24","19:51:15","Cuzco","Peru","-13.518063737055304","-71.98644286901194","1146","16.137499","78.71284","100","0","school"
"3651","2025-08-24","19:46:40","Cuzco","Peru","-13.51806464250614","-71.98644281429867","1146","23.0875","47.07502","69","0","school"
"3652","2025-06-01","09:40:34","Ciudad Autonoma de Buenos Aires","Argentina","-34.604215408906086","-58.37628590271352","19","28.604","76.21342","100","6.7","lodging"
"3653","2025-06-01","10:28:25","Ciudad Autonoma de Buenos Aires","Argentina","-34.60421637998951","-58.37628374312536","31","26.807001","66.75296","30","0","lodging"
"3654","2025-03-01","22:33:42","Ha Noi","Vietnam","21.03451538085937","105.851836315677","13","30.9805","37.32633","27","0","cafe"
"3655","2025-07-26","20:52:11","Pichincha","Ecuador","-0.185667841900746","-78.48160739077771","56","23.6495","99.10013","100","0.6","restaurant"
"3657","2025-07-26","21:39:29","Pichincha","Ecuador","-0.1856678919150539","-78.48160753254105","56","23.8495","98.80358","100","0.3","food"
"3658","2025-08-24","17:23:55","Cuzco","Peru","-13.518061736985846","-71.98644283226122","1146","17.887499","71.85313","100","0","school"
"3659","2025-03-01","16:44:03","Ha Noi","Vietnam","21.03451538085937","105.85185406337612","13","30.530499","39.55073","0","0","restaurant"
"3660","2025-03-01","14:53:34","Ha Noi","Vietnam","21.034519290241043","105.85184275183568","13","23.0805","59.75193","100","0","store"
"3662","2025-07-25","18:45:17","Pichincha","Ecuador","-0.1856678727302336","-78.48160809104908","56","26.2495","89.312325","100","1","restaurant"
"3665","2025-08-25","10:33:58","Cuzco","Peru","-13.518060983030548","-71.98644317975733","1146","19.0875","69.54133","100","0","school"
"3667","2025-02-15","20:47:54","Thanh pho Hue","Vietnam","16.46197509765625","107.59809602822928","48","10.4415","90.73527","100","0.8","park"
"3669","2025-02-16","00:04:01","Thanh pho Hue","Vietnam","16.461979929625258","107.59809667737576","43","6.724","60.7646","72","0","park"
"3670","2025-06-01","04:21:47","Ciudad Autonoma de Buenos Aires","Argentina","-34.604211","-58.376287","19","28.404","76.182655","100","0","lodging"
"3672","2025-02-14","22:44:23","Thanh pho Hue","Vietnam","16.46197509765625","107.59809705321176","43","10.324","86.52852","81","0.3","park"
"3673","2025-02-15","22:28:30","Thanh pho Hue","Vietnam","16.46197509765625","107.59809739491726","43","10.324","86.52852","81","0.3","park"
"3674","2025-07-25","19:18:19","Pichincha","Ecuador","-0.1856678281605643","-78.48160818236127","56","26.2495","89.312325","100","1","food"
"3675","2025-07-25","19:25:57","Pichincha","Ecuador","-0.1856678067628977","-78.4816081074836","56","26.2495","89.312325","100","1","restaurant"
"3676","2025-03-01","13:53:36","Ha Noi","Vietnam","21.03451807258415","105.85187128442548","13","30.530499","39.55073","0","0","food"
"3677","2025-03-01","21:29:15","Ha Noi","Vietnam","21.03451588456947","105.85186301859464","313","17.8995","93.28645","1","0","cafe"
"3678","2025-05-30","23:35:13","Ciudad Autonoma de Buenos Aires","Argentina","-34.604201780056655","-58.376282547097816","31","24.757","80.91064","6","0","transit_station"
"3680","2025-07-26","22:05:00","Pichincha","Ecuador","-0.1856678808769178","-78.48160749956199","56","24.7495","95.606804","100","2.1","restaurant"
"3681","2025-07-26","21:42:55","Pichincha","Ecuador","-0.1856678786744511","-78.4816074929751","56","23.6495","99.10013","100","0.6","restaurant"
"3682","2025-08-25","03:06:34","Cuzco","Peru","-13.518051088304787","-71.9864386155328","62","23.595999","80.26193","23","0","school"
"3683","2025-05-31","22:51:11","Ciudad Autonoma de Buenos Aires","Argentina","-34.60422","-58.376327","31","24.757","80.91064","6","0","lodging"
"3684","2025-02-15","15:47:39","Thanh pho Hue","Vietnam","16.461944580078125","107.5980341149512","48","16.991499","39.86339","100","0","park"
"3685","2025-07-26","21:16:37","Pichincha","Ecuador","-0.1856678750099934","-78.48160748202481","56","23.8495","98.80358","100","0.3","restaurant"
"3687","2025-05-31","12:06:48","Ciudad Autonoma de Buenos Aires","Argentina","-34.604221126894416","-58.376329214116325","19","25.454","87.91622","100","0","lodging"
"3688","2025-02-14","22:17:44","Thanh pho Hue","Vietnam","16.461982","107.598097","43","10.324","86.52852","81","0.3","park"
"3689","2025-02-15","19:59:58","Thanh pho Hue","Vietnam","16.46198230560971","107.5980974075624","43","6.724","60.7646","72","0","park"
"3692","2025-07-26","21:54:13","Pichincha","Ecuador","-0.185667858157029","-78.48160743552766","56","23.3495","99.39796","100","0.2","restaurant"
"3693","2025-07-26","21:01:50","Pichincha","Ecuador","-0.1856678530558767","-78.48160741651472","56","23.6495","99.10013","100","0.6","restaurant"
"3694","2025-08-25","03:04:42","Cuzco","Peru","-13.518060342734715","-71.98644289291062","1146","17.887499","71.85313","100","0","school"
"3695","2025-07-21","01:56:34","Quindio","Colombia","4.6352167703849805","-75.57053988355914","38","30.463501","59.23055","100","0","lodging"
"3698","2025-08-24","03:37:01","Cuzco","Peru","-13.518059867254854","-71.9864439374968","1146","16.137499","78.71284","100","0","school"
"3699","2025-08-25","02:59:57","Cuzco","Peru","-13.518060135537024","-71.98644368059567","1146","17.1875","73.87685","100","0","school"
"3700","2025-08-21","12:48:01","Cuzco","Peru","-13.518052534331783","-71.9864376495538","62","29.845999","52.043446","21","0","school"
"3701","2025-07-26","21:22:11","Pichincha","Ecuador","-0.1856678630141323","-78.4816074461784","56","23.8495","98.80358","100","0.3","restaurant"
"3709","2025-07-26","20:49:52","Pichincha","Ecuador","-0.1856678717266077","-78.48160747221337","56","23.6495","99.10013","100","0.6","food"
"3710","2025-07-26","21:50:30","Pichincha","Ecuador","-0.1856678696633105","-78.48160746576437","56","23.6495","99.10013","100","0.6","food"
"3711","2025-07-26","21:13:59","Pichincha","Ecuador","-0.1856678655820343","-78.4816074538519","56","23.3495","99.39796","100","0.2","restaurant"
"3713","2025-02-15","16:05:54","Thanh pho Hue","Vietnam","16.46198216494315","107.59809610042706","43","10.624","70.962715","100","0.1","park"
"3714","2025-02-15","16:04:16","Thanh pho Hue","Vietnam","16.461982","107.598096","43","10.624","70.962715","100","0.1","park"
"3722","2025-05-31","14:15:33","Ciudad Autonoma de Buenos Aires","Argentina","-34.60421925665846","-58.37632987632927","33","24.585999","90.27393","19","0","lodging"
"3723","2025-05-31","03:58:12","Ciudad Autonoma de Buenos Aires","Argentina","-34.604217529296875","-58.37633642907838","33","23.786","97.324394","100","0.4","lodging"
"3724","2025-05-31","22:48:24","Ciudad Autonoma de Buenos Aires","Argentina","-34.604207922455934","-58.37628672697429","19","26.554","87.221344","100","0","transit_station"
"3725","2025-05-31","22:55:01","Ciudad Autonoma de Buenos Aires","Argentina","-34.604217529296875","-58.37633057991115","33","27.435999","81.49587","18","0","lodging"
"3726","2025-05-31","15:26:49","Ciudad Autonoma de Buenos Aires","Argentina","-34.604217529296875","-58.37633311182812","33","24.736","88.658455","21","0","lodging"
"3729","2025-06-01","11:29:24","Ciudad Autonoma de Buenos Aires","Argentina","-34.604219474620656","-58.37630371505037","31","25.357","77.116196","14","0","transit_station"
"3730","2025-08-22","17:39:10","Cuzco","Peru","-13.518055","-71.986435","1146","25.4375","41.70884","71","0","school"
"3733","2025-08-20","03:14:46","Cuzco","Peru","-13.518050005444715","-71.98643517739856","1146","20.4875","66.72521","77","0","school"
"3738","2025-06-01","09:06:15","Ciudad Autonoma de Buenos Aires","Argentina","-34.60421883161745","-58.37629988039205","31","23.157","89.89853","27","0","transit_station"
"3739","2025-08-21","03:18:07","Cuzco","Peru","-13.518051800196751","-71.98643559263877","1146","15.9875","74.4025","44","0","school"
"3741","2025-06-01","15:43:42","Ciudad Autonoma de Buenos Aires","Argentina","-34.60420812265654","-58.376300994357024","31","28.257","60.756374","33","0","transit_station"
"3746","2025-05-31","20:20:47","Ciudad Autonoma de Buenos Aires","Argentina","-34.604205","-58.376283","31","29.507","63.32171","94","0.1","lodging"
"3751","2025-06-01","03:13:03","Ciudad Autonoma de Buenos Aires","Argentina","-34.60421030106045","-58.37628534214704","19","29.704","72.16422","99","0","lodging"
"3752","2025-08-22","20:09:48","Cuzco","Peru","-13.518054","-71.986435","1146","25.287498","52.874207","6","0","school"
"3753","2025-08-20","06:45:24","Cuzco","Peru","-13.518050249846594","-71.98643558669112","1146","20.4875","66.72521","77","0","school"
"3754","2025-08-23","05:21:09","Cuzco","Peru","-13.518053985756882","-71.9864354894433","1146","20.4875","66.72521","77","0","school"
"3756","2025-05-31","19:46:02","Ciudad Autonoma de Buenos Aires","Argentina","-34.60421251843213","-58.37630485556069","31","28.957","61.290936","19","0","transit_station"
"3759","2025-05-31","18:17:49","Ciudad Autonoma de Buenos Aires","Argentina","-34.60421798045419","-58.37632568437436","31","24.407","81.86526","2","0","transit_station"
"3760","2025-06-01","11:20:03","Ciudad Autonoma de Buenos Aires","Argentina","-34.604216911612795","-58.37630032447552","19","28.604","76.21342","100","6.7","lodging"
"3761","2025-05-30","00:23:04","Ciudad Autonoma de Buenos Aires","Argentina","-34.60420429770257","-58.3762810776258","31","28.257","60.756374","33","0","transit_station"
"3764","2025-05-31","22:41:01","Ciudad Autonoma de Buenos Aires","Argentina","-34.604213430534884","-58.376307415089336","31","28.957","61.290936","19","0","lodging"
"3767","2025-08-22","13:09:58","Cuzco","Peru","-13.518054635183711","-71.9864357755621","1146","21.8375","56.250153","13","0","school"
"3770","2025-06-01","10:42:45","Ciudad Autonoma de Buenos Aires","Argentina","-34.60421051843524","-58.37628383538469","31","24.407","81.114395","8","0","lodging"
"3773","2025-08-21","00:42:34","Cuzco","Peru","-13.518050961330438","-71.98643523777963","1146","23.0875","47.07502","69","0","school"
"3775","2025-05-31","23:59:36","Ciudad Autonoma de Buenos Aires","Argentina","-34.604217529296875","-58.37632204403927","31","29.507","63.32171","94","0.1","lodging"
"3776","2025-05-30","04:03:11","Ciudad Autonoma de Buenos Aires","Argentina","-34.60420940606575","-58.37629536872297","33","25.986","83.31121","100","0","transit_station"
"3778","2025-08-21","00:44:59","Cuzco","Peru","-13.51805103122997","-71.98643569278528","1146","23.0875","47.07502","69","0","school"
"3779","2025-08-21","00:36:09","Cuzco","Peru","-13.51805099400761","-71.98643547837256","1146","23.0875","47.07502","69","0","school"
"3780","2025-06-01","10:03:43","Ciudad Autonoma de Buenos Aires","Argentina","-34.60421642301322","-58.37630211328845","33","26.036","82.06445","100","0","lodging"
"3781","2025-06-01","01:36:54","Ciudad Autonoma de Buenos Aires","Argentina","-34.604211124817226","-58.37630070562579","31","29.307001","64.25263","95","0.1","lodging"
"3782","2025-05-31","22:38:02","Ciudad Autonoma de Buenos Aires","Argentina","-34.604209223545325","-58.37628469247767","31","29.507","63.32171","94","0.1","transit_station"
"3783","2025-08-22","04:21:43","Cuzco","Peru","-13.518054406153784","-71.98643549744135","1146","24.5875","53.036335","2","0","school"
"3784","2025-08-21","18:37:44","Cuzco","Peru","-13.518053576999588","-71.98643580271266","1146","25.387499","50.565773","38","0","school"
"3785","2025-06-01","08:28:58","Ciudad Autonoma de Buenos Aires","Argentina","-34.60420987512772","-58.37628309433125","19","28.404","76.182655","100","0","transit_station"
"3786","2025-06-01","02:14:06","Ciudad Autonoma de Buenos Aires","Argentina","-34.60421808666089","-58.37630916963221","31","28.257","60.756374","33","0","lodging"
"3787","2025-05-31","14:43:21","Ciudad Autonoma de Buenos Aires","Argentina","-34.604217529296875","-58.37630610100368","31","29.607","62.19289","11","0","transit_station"
"3788","2025-06-01","08:35:40","Ciudad Autonoma de Buenos Aires","Argentina","-34.604210099165456","-58.37628175285619","33","25.585999","85.05215","35","0.1","lodging"
"3789","2025-06-01","04:13:13","Ciudad Autonoma de Buenos Aires","Argentina","-34.6042078721058","-58.37628457459139","31","29.507","63.32171","94","0.1","lodging"
"3790","2025-08-21","18:17:08","Cuzco","Peru","-13.518053672350346","-71.98643610000127","1146","25.3375","52.21058","53","0","school"
"3791","2025-06-01","03:30:08","Ciudad Autonoma de Buenos Aires","Argentina","-34.60420641859135","-58.37628057316858","19","29.704","72.16422","99","0","lodging"
"3792","2025-06-01","05:51:55","Ciudad Autonoma de Buenos Aires","Argentina","-34.60420560107668","-58.37628102594555","19","29.704","72.16422","99","0","transit_station"
"3793","2025-08-21","18:35:38","Cuzco","Peru","-13.518053650479768","-71.9864360310364","1146","25.387499","50.565773","38","0","school"
"3794","2025-08-21","17:01:45","Cuzco","Peru","-13.518053622626567","-71.98643594472628","1146","25.3375","52.21058","53","0","school"
"3796","2025-06-01","00:27:42","Ciudad Autonoma de Buenos Aires","Argentina","-34.604217529296875","-58.37631175771409","33","24.835999","90.01862","89","0.1","transit_station"
"3798","2025-05-31","22:10:39","Ciudad Autonoma de Buenos Aires","Argentina","-34.604214731139535","-58.376315343704384","31","26.707","82.39375","62","0","lodging"
"3799","2025-05-31","11:10:10","Ciudad Autonoma de Buenos Aires","Argentina","-34.604214195658564","-58.37631559098488","19","28.604","76.21342","100","6.7","transit_station"
"3800","2025-05-31","12:26:53","Ciudad Autonoma de Buenos Aires","Argentina","-34.60421089998285","-58.376297714867846","0","25.65","85.058754","100","1.4","transit_station"
"3802","2025-06-01","00:34:07","Ciudad Autonoma de Buenos Aires","Argentina","-34.60421566802587","-58.37631265233178","31","26.707","82.39375","62","0","lodging"
"3803","2025-06-01","01:05:53","Ciudad Autonoma de Buenos Aires","Argentina","-34.604213481659166","-58.376310533592445","31","28.307001","71.267586","92","0.1","transit_station"
"3804","2025-08-22","18:37:30","Cuzco","Peru","-13.51805452912176","-71.98643543332514","1146","19.0875","69.54133","100","0","school"
"3805","2025-08-23","02:46:32","Cuzco","Peru","-13.518054452470029","-71.98643532980422","1146","24.5875","53.036335","2","0","school"
"3807","2025-05-31","22:59:20","Ciudad Autonoma de Buenos Aires","Argentina","-34.60421437516585","-58.37630053503938","19","28.404","76.182655","100","0","lodging"
"3808","2025-06-01","07:54:20","Ciudad Autonoma de Buenos Aires","Argentina","-34.604217529296875","-58.37631399931813","31","28.257","60.756374","33","0","transit_station"
"3809","2025-06-01","12:13:54","Ciudad Autonoma de Buenos Aires","Argentina","-34.604217529296875","-58.3763159463776","31","24.407","93.035576","90","0","lodging"
"3810","2025-05-31","10:24:44","Ciudad Autonoma de Buenos Aires","Argentina","-34.60421669752988","-58.37631801310028","31","24.407","81.114395","8","0","lodging"
"3812","2025-06-01","01:43:24","Ciudad Autonoma de Buenos Aires","Argentina","-34.60421190325831","-58.37629865057115","31","28.957","61.290936","19","0","lodging"
"3815","2025-05-31","22:57:13","Ciudad Autonoma de Buenos Aires","Argentina","-34.60421251704474","-58.37630005747897","33","25.986","83.31121","100","0","lodging"
"3816","2025-05-31","12:20:12","Ciudad Autonoma de Buenos Aires","Argentina","-34.604212","-58.376301","31","29.607","62.19289","11","0","transit_station"
